object,deltaT,deltaRV,uncertRV
HIP102719,1473.9235033980003,0.2750757655333853,0.6193793069574435
HIP102719,14.927908158999344,0.7641681463354432,0.6516566291060373
HIP102719,27.863324509999075,0.6250021106328294,0.520514525971029
HIP104305,1475.7415000000037,-2.980000000000004,3.9417570474207047
HIP104305,4.972999999998137,1.0600000000000023,3.9367627578303597
HIP105148,4050.921404741006,-1.722830757981244,0.9673734768132707
HIP107962,1390.0008630490047,2.666988042908783,2.7816712611769008
HIP107962,55.00660283299658,-0.4078065361141867,1.6589172824664855
HIP108402,679.0988359350013,-13.62471691111822,12.215257992138277
HIP108402,0.0016679660038789734,2.638925836945619,15.542681020266647
HIP108402,0.0038741719981771894,0.40388289732378624,14.724671712701412
HIP108402,0.0022485709996544756,0.9683844381021629,13.314536317291456
HIP108402,0.0048214749986073,-1.3506448892815364,13.419351328286227
HIP108402,0.0013722229996346869,1.326537119923799,13.40118665654653
HIP108402,24.95034843400208,-13.712597493998066,13.586064882364646
HIP108402,9.065619960892946E-4,25.771650294093995,13.594131529290186
HIP115551,1445.003584263999,0.7991124046336435,0.7592572427095919
HIP115551,48.88905364200036,-0.011286205081132428,0.7181478842047714
HIP12055,1438.004735126,1.72786478409801,2.4244343661114476
HIP12055,48.949882900000375,1.148005376550195,1.557432272175708
HIP13910,1495.9287160970052,3.462683033708032,3.164596072449199
HIP13910,9.869787730996904,-0.3615050720351256,3.3561250611845233
HIP17527,0.002257822998217307,0.055977223769939854,1.594162009633738
HIP17527,22.996172077000665,-2.0830751980227546E-5,1.7850013740383763
HIP17527,0.0014287119993241504,-0.2578897266497453,2.156550211723983
HIP17527,1064.114186111001,0.2950222868796173,1.9661749873641532
HIP17527,0.8491294589985046,1.2176997893053034,1.961689445485902
HIP17527,0.0036125900005572475,-0.4753174842278014,2.1167201316312534
HIP17543,3293.872031838997,4.363627780435518,3.3614108205751645
HIP17588,1432.9256931960044,3.4379339225791163,3.6163328242066815
HIP17588,3.0255518769990886,-3.3088496779853855,3.473528987508161
HIP17588,2.0620537279974087,0.292639806608074,2.1015782036451083
HIP17664,1390.050214187002,8.188990572292784,3.4846934345050364
HIP17664,41.97084539500065,-1.3366040784943953,3.7859466703143405
HIP17862,1431.194417259001,-1.4309948082183555,1.4663587336642594
HIP17862,3.8941757130014594,0.8251153461763217,1.2287520928335254
HIP19720,1408.1809058020008,2.794823458316202,2.13586218256026
HIP19720,6.063815506997344,-1.5398164876676326,2.696195005595183
HIP20884,0.0015154000066104345,0.06838773434036227,2.3094533236372037
HIP20884,143.81400073999976,-8.461973674728917,2.157526739081177
HIP20884,61.829729189994396,-5.79156201536188,2.4672073519981303
HIP20884,216.17163700300443,7.240175852064713,5.6809984322559295
HIP20884,102.84584493299917,-2.7636480663817338,5.845123425378565
HIP20884,209.33863954399567,-4.356879223746942,4.466224041633005
HIP20884,33.92513204400166,9.871166738431468,4.0016942751148346
HIP20884,0.0014722269988851622,-0.2477303307064389,1.8845916202145878
HIP20884,50.85055050200026,0.5894173426826192,2.8614231577334874
HIP20884,0.002289194002514705,1.6628860286181322,4.533770865615008
HIP20884,281.15157342800376,-7.201195397705607,4.392309203812812
HIP20884,1.0016564549951,-4.34990916736764,6.267571724787116
HIP20884,0.001551990004372783,0.07102546286635913,8.194855039771642
HIP20884,19.004585183996824,4.115508445313525,6.7525186888642565
HIP20884,53.92245247300161,-4.8876475095828695,5.036012130228815
HIP20884,0.0011474299972178414,0.06788143297487892,5.103772150974749
HIP20884,45.985637479003344,6.730093025242933,4.341056548917609
HIP20884,4.8039203219959745,-0.2954350116851039,2.839873178135324
HIP20884,1.0874280620046193,-3.58888082177139,3.9860509378214877
HIP20884,0.0015955049966578372,0.02070851126000406,5.2463428690775595
HIP20884,311.0941919640027,3.939479679917291,4.1539705073978235
HIP20884,0.00207933499768842,-0.09312075635970274,2.682935790047365
HIP20884,21.063236702000722,1.49092109689812,4.311373879219295
HIP20884,0.002135814997018315,0.15460897351717762,5.517409625326792
HIP20884,9.901093384003616,-0.30964361996711887,4.046760672645395
HIP20884,0.001190844996017404,0.14816160197055694,1.4657614357150326
HIP20884,22.84570590400108,-13.273804988091923,9.154256110202512
HIP20884,0.05758040900400374,9.204137729350085,9.27365548358965
HIP20884,2.0016770219954196,5.491431017615284,2.49798068272241
HIP20884,0.0016257200040854514,-0.1860411421930337,2.1432351459035215
HIP20884,12.04772045899881,-1.4980193732623306,1.9271570070872701
HIP20884,0.0016394959966419265,0.10434763848439843,2.010427873167137
HIP20884,14.918166300005396,-1.7377181387904592,1.8449844210142254
HIP20884,563.2976623229988,-4.974282619810333,2.5416628125102716
HIP20884,100.87015189199883,4.937537087998349,2.7040945715640117
HIP20884,0.06196623999858275,0.6320646932609932,1.7977919375527107
HIP20884,378.0126949350015,0.13507725958012884,1.4251985150161082
HIP20884,0.0016514239978278056,0.0267698982147202,1.3257354841196713
HIP20884,30.77435431300546,-3.686891538561774,2.541203106888265
HIP20884,302.05095961799816,-1.0362814505836955,3.7106293435080397
HIP21024,2517.86852027,-1.1463149451779113,2.3863152194062476
HIP21251,1423.075866731997,3.7817315564591247,8.073968922525134
HIP22112,111.79155201999674,0.7263597387044136,5.20374467588268
HIP22370,1371.2728952489997,-80.70633621059615,13.52053755802728
HIP22370,1.004134269001952,20.31835155364689,10.10332259034301
HIP22370,28.941995909997786,-3.6003272148550103,7.854301865171508
HIP23201,1426.1112801060008,2.573625232670274,4.836016611645077
HIP23201,4.996047273998556,1.028231003749685,12.200140916027477
HIP24092,1408.1778396490045,1.8211648950545012,1.4730766916145792
HIP24092,7.957404500994016,-1.27864975973403,1.4793819203803422
HIP25453,1396.1545673040018,1.6462202971946525,2.257494675079358
HIP25998,1369.2488428389988,7.9024421724482625,2.8028718547176874
HIP25998,38.92175424400193,3.086552126168762,1.1283832231020317
HIP25998,7.948989964999782,-0.5602012396896043,1.262865620993072
HIP26966,0.11052264000318246,-0.13668680741380967,1.8772666462541039
HIP26966,4.899641509997309,-0.10705839960430907,1.7247227346560954
HIP26966,0.10762537000118755,-0.16571603154802972,1.4786232442633287
HIP26966,0.8821188099973369,0.08195416474561057,1.3154543385343216
HIP26966,0.1044786800048314,-0.017673153848392076,1.3676745140267064
HIP26966,7.8792777199996635,-0.2495980142013252,1.2197045966572484
HIP26966,0.11025190999498591,0.12321312705174847,1.376125413365531
HIP26966,0.8930541900044773,0.28969032311243836,1.3411241919546735
HIP26966,0.10791451000113739,-0.023219942404260507,1.2398023150729036
HIP26966,41.875084429993876,0.12414964119211902,1.4180965632016918
HIP26966,0.9886490400022012,-0.039798983534495846,1.4964606923150485
HIP26966,15.037295039997844,0.1444722630740678,1.5493009710115853
HIP26966,0.9671421800012467,-0.10206727044127106,1.7385026349995603
HIP26966,0.001534000002720859,0.03905036308811205,1.8818973001024972
HIP26966,1268.214190339997,-1.8843906043925607,2.0122475267421733
HIP26966,0.1455111500035855,0.5272485728914305,2.115118503244953
HIP26966,132.50169913998252,-0.6418659348086635,1.6456398042229745
HIP26966,0.06521539995446801,0.8249212696692183,1.1497689755633946
HIP26966,0.009259100072085857,0.3053179961977257,1.3875669325220137
HIP26966,0.9213994001038373,-0.19038199159908942,1.4085026878491451
HIP26966,0.010995300021022558,0.3667530466125477,2.026022883857054
HIP26966,0.0665460997261107,-0.23407885568006392,2.1133701913384244
HIP26966,0.009258400183171034,-0.10952830008951508,1.5953208514305108
HIP26966,0.9156788997352123,-0.4870086163214786,1.2504060567364654
HIP26966,0.0857343003153801,0.322610123807177,0.9927897132796671
HIP26966,0.9322106000036001,-0.18410932262505142,1.0658048712869324
HIP26966,19.21338785989792,-0.16312116025548917,1.5582002564247217
HIP26966,1.9661994500056608,-0.27869703166308923,1.817446025485915
HIP26966,0.03003381999587873,-0.18263600469083485,1.9105733637857907
HIP26966,0.957541100004164,0.22448398885127574,2.021917047496445
HIP26966,0.03978800999902887,0.13386421360479517,1.9433527051612371
HIP26966,969.0739520269999,8.987242268443296,4.672585873960191
HIP29635,657.207785122002,-6.560556458900551,1.9292535630460679
HIP29635,108.69366459699813,-2.3683871820558,2.568769392233071
HIP29635,403.9585302390042,-2.4329874175142923,3.318564529210962
HIP29635,0.0017122889985330403,-0.07946817951369489,3.6394803712597357
HIP29635,255.32756622799934,4.24311590572511,3.157063698037469
HIP29635,0.0018054760002996773,0.10905605497963577,2.7942071904175605
HIP29635,36.73109935600223,5.431841763683776,2.925800264773275
HIP29635,0.0019403249971219338,0.04749550403186831,3.0158857349112465
HIP29635,0.0014722299965796992,-0.002575114310566562,3.0415016857304558
HIP29635,621.2392640780017,-4.1577329334451605,2.28736021144962
HIP29635,0.0012601720009115525,-0.04811086868972758,1.0994659567347773
HIP29635,40.874697977000324,7.608742183951259,1.9888508439920864
HIP29635,0.0017481870017945766,-0.21454021632425935,2.523621399031619
HIP29635,10.180161805998068,-6.525064354813345,3.03272129992031
HIP29635,72.72168289100227,-1.5072263940369837,3.188219625499737
HIP29635,3.0033277010006714,2.201398389693683,2.803506795595413
HIP29635,0.9716670399939176,-2.4992261509993767,3.0832032229985082
HIP29635,994.0911346020002,8.850193110822492,2.7318949284292873
HIP30672,1425.2644176500035,0.7790738231060317,1.9547778330445376
HIP30672,46.98322877299506,0.19598719225699668,1.7532204481037315
HIP32677,0.006258187000639737,-0.8018977494764812,1.8019604966090046
HIP32677,0.00291773299977649,-0.09127823431568505,1.1330600961607233
HIP32677,1472.1545446840028,90.99949961719776,1.543964524932596
HIP32677,20.0028563320011,-2.8939791041636767,1.7505154726082213
HIP32731,0.005651653998938855,0.010630448793754965,1.9174112729469839
HIP32731,1492.1132196909966,0.17888127495053396,1.663848058318901
HIP33998,1841.9429275349976,-1.1680761906538422,2.6060835032369725
HIP33998,69.76127640999766,-0.04644125349786776,2.2675043726968043
HIP33998,0.0038717480056220666,-1.0349639486160953,1.2178259536112521
HIP33998,0.002432156994473189,-0.09712590195484339,1.1864861053441025
HIP33998,0.0024880640048650093,0.09720492742513542,1.1865001145212537
HIP33998,0.003067279998504091,-1.7160923060167725,2.021799622417116
HIP33998,0.0024499819992342964,0.08673186990338522,2.655307519753048
HIP33998,0.0022864260026835836,-0.016739063647779773,2.6827697837251314
HIP33998,0.0024558849981985986,-0.19203872036480263,2.683224910947321
HIP33998,0.002493159998266492,0.025620601154159317,2.678074242611566
HIP33998,0.9771591969984001,3.5229930245376764,1.9995434636825506
HIP33998,0.002814243998727761,-0.13246749201802288,1.0201494145054886
HIP33998,0.003314059002150316,-2.55898433222675,1.9593654405981644
HIP33998,0.0033862909986055456,0.02280813613232624,2.5397369948937345
HIP33998,0.0027987370049231686,-0.09518168474309618,2.5959753392468006
HIP33998,0.002782878997095395,-1.8107407486123854,3.423542044931376
HIP33998,0.002497089997632429,-0.05398023660202966,4.074048666554815
HIP33998,0.002184684002713766,0.0824495196554551,4.062493772015556
HIP33998,0.002039874998445157,-0.09665356414448212,4.072468145522736
HIP33998,3.998659035998571,6.235886910353241,3.2497154722870167
HIP33998,0.002385160005360376,-0.12859260323287813,1.926412008085987
HIP33998,0.0021556249994318932,0.9879586216934122,1.8605989189785637
HIP33998,0.0020256369971320964,0.042528753684823783,1.929784306720402
HIP33998,0.0020636039989767596,0.029112228690525654,1.9859993688822415
HIP33998,0.00201649300288409,-0.0899689309141749,1.9502298289073614
HIP33998,0.002162457996746525,0.5499323783409267,1.6846573519250783
HIP33998,0.9903525940026157,-2.7125870127418636,1.6355891747015145
HIP33998,0.0023816879984224215,-0.006393091115164395,1.7918538870423746
HIP33998,0.0021869949996471405,0.06833445111085368,1.8595138606955526
HIP33998,0.0020299220050219446,0.07097108093415017,2.047762091728121
HIP33998,0.0020537649979814887,0.0428081934313127,2.246553467030085
HIP33998,0.0020254069968359545,-0.47363254102617347,1.965134016056414
HIP33998,0.0021463670054799877,0.29212847951371046,1.904933602146334
HIP33998,1.993384060995595,-0.01663629346479567,2.217461776874955
HIP33998,0.002372774004470557,-0.37503708972817407,2.3233296355321635
HIP33998,0.002163615994504653,-0.7074168529109066,3.3744113704555927
HIP33998,0.0020010950029245578,-0.002274408455193111,4.1052032159376415
HIP33998,0.002046588000666816,-0.1874847957532353,4.228901674206749
HIP33998,0.0020156829996267334,0.19355730304242158,4.227747655675235
HIP33998,0.002162801996746566,0.00965885223341445,4.101770269800604
HIP33998,0.955756775001646,2.6748411609464,3.004929641060723
HIP33998,0.0023452250025002286,-0.07431514202084344,1.2046734075911507
HIP33998,0.0021850259945495054,0.11531642439589618,1.1812645846805323
HIP33998,0.0020239030054653995,0.11999165361442365,1.5060068009500622
HIP33998,0.002049597998848185,-0.03395376063580713,1.8510611939056303
HIP33998,0.0020191549992887303,-0.05514938890934573,1.8901594383289337
HIP33998,0.0021393049973994493,0.004864934654975173,1.9179820252117745
HIP33998,2.977164805000939,-1.0514570516822026,1.8912148305646141
HIP33998,0.0023683760009589605,-0.19707797594520216,1.6923624748619812
HIP33998,0.002227969001978636,-0.06911487153343643,1.4968064341224772
HIP33998,0.002013946999795735,-1.2435677600318336,2.2851014283486015
HIP33998,0.002082701998006087,-0.06178716498150294,2.852344885618212
HIP33998,0.002051565003057476,0.04585313148275816,2.847327909577719
HIP33998,0.0021938229983788915,-0.03639149087150173,2.847699620776598
HIP33998,0.9876238209981238,2.244949669403706,2.380948579103351
HIP33998,0.0023797169997124,-0.3022524102822466,1.7555284783638145
HIP33998,0.002163147000828758,-0.2642861139668504,1.3878131714796413
HIP33998,0.001987900999665726,-0.006936937141304611,0.9724854077824336
HIP33998,0.0020771449999301694,-0.0042584691939389074,0.9681180739460346
HIP33998,0.0020344330041552894,-0.01923377804678239,0.9652794607535508
HIP33998,0.0021717139970860444,1.6184407784436416E-4,0.963779817869568
HIP33998,0.9888681629963685,-0.9414203800841712,2.0626732749950536
HIP33998,0.002363165003771428,-0.27933396295497914,2.5349201148890574
HIP33998,0.002175763002014719,-0.6596780599369296,2.573504108919148
HIP33998,0.002023898996412754,0.0072417536562809914,2.828159743122434
HIP33998,0.0020964750001439825,0.032868542935716505,2.8551366204513142
HIP33998,0.0020352430001366884,-0.0321076086092873,2.855592928994223
HIP33998,0.002178658003685996,0.362167734290356,2.688251655439276
HIP33998,23.98617689299863,2.0294566422919935,2.2130515743704446
HIP33998,0.002230168000096455,0.07742699155665633,1.9568414413872608
HIP33998,1.0009885399995255,0.458178558200089,1.659504961753522
HIP33998,0.0031241100004990585,0.17884730702135698,0.9012835902270264
HIP33998,0.00306750900199404,0.06956813203204959,0.6919185620607416
HIP33998,0.0029039539949735627,0.03535682627848047,0.795803796053755
HIP33998,0.002742942000622861,2.1792239149153048,1.4257467175709027
HIP33998,0.0024866719977580942,0.10770770024119969,1.9445606064430192
HIP33998,0.002323927001270931,-0.1605462606837591,1.9250325127607928
HIP33998,0.002886244001274463,0.10661524987445503,1.8557164663808454
HIP33998,338.9778471910031,-3.982223922326284,1.6335719163144344
HIP33998,0.0028630819942918606,-0.06364346400277299,1.283960515323479
HIP33998,0.0028964190059923567,0.8080197334008083,1.3135820620785887
HIP33998,0.0025675719953142107,0.17127111010877272,1.3612106359366485
HIP33998,0.002535279003495816,-0.02054499192727377,1.363652212754459
HIP33998,0.0024594610003987327,-0.8148180326912886,1.2332995096534056
HIP33998,0.002796062995912507,0.05573102532226315,1.1326247281266795
HIP37697,1352.290040052998,2.351841690073435,2.8417073357838523
HIP37697,5.983846877999895,-0.19283093563551645,1.6634781165064287
HIP37697,5.000925049003854,0.5377163711279067,2.5011390949241084
HIP38779,0.003300288997706957,0.012684756777275652,2.2989983863797483
HIP38779,1386.057593231999,1.2129206181494503,5.137594642227577
HIP38779,10.988725654002337,0.8422350015446511,7.251200347162467
HIP40594,1358.2769462350043,-2.17498983374508,3.486464524167796
HIP43643,1369.2528089670013,2.05334327693385,4.507723187058384
HIP45585,0.11160731999552809,-0.018449774008718833,0.7266345971020672
HIP45585,0.12163716000213753,0.1498926987148792,0.7156784550300864
HIP45585,4.777339020001818,-0.14626334271928698,0.9803664677577149
HIP45585,0.1128260199984652,-0.18309523873311662,0.8083479449866404
HIP45585,0.13578876000246964,-0.0697783812004591,0.5915211848040249
HIP45585,0.7474419099962688,0.5047098145950972,1.4088372862735017
HIP45585,0.14698093000333756,-0.8075437768619977,1.4525314753836538
HIP45585,0.07088087999727577,0.5651905686212473,0.7665599981656632
HIP45585,7.7742794299992966,-0.06070430619168832,1.2854209029153476
HIP45585,0.160170859999198,-0.39832373222681383,1.1860412506897529
HIP45585,0.08609167000395246,0.04146791065746669,0.432978861964657
HIP45585,0.7547434399966733,0.04780521736375398,0.5301566430633362
HIP45585,0.14997505000064848,0.6073267516909233,0.934122919558339
HIP45585,0.08840741000312846,-0.48717894864494404,0.9482987447167681
HIP45585,41.76908553999965,0.7789549579744968,1.4547873120197574
HIP45585,1.0963262599980226,-1.3207599369408882,1.4517957077568402
HIP45585,0.05367264000233263,0.7502697126177793,0.5592217391278945
HIP45585,5.954226709996874,0.2439429198406451,1.280314257787203
HIP45585,0.9843058499973267,-0.16616925734055066,1.3155596456571559
HIP45585,0.040865570001187734,0.3488024292464136,0.8195892901338279
HIP45585,7.952509740003734,-0.8625248922811313,0.8595075083298424
HIP45585,0.0023547599994344637,0.17201102764700948,0.7242374933762986
HIP45585,0.9501198299985845,0.37804040909744074,0.8406886656892967
HIP45585,0.0018122499968740158,0.03238215121321808,0.9028880687960019
HIP45585,0.06578013000398641,-0.009560740088227604,1.305488170871321
HIP45585,0.0022732700017513707,0.1102911424544537,1.5795083041817328
HIP45585,0.0016873599961400032,0.07297851001984768,1.3799579378974478
HIP45585,2180.835336933,2.81690293918032,3.162657441981061
HIP45585,0.003469055001914967,0.010550406862254391,4.298867069882317
HIP45585,0.0026527800000621937,0.3503558223172192,4.3310534011564625
HIP51491,0.001968910000869073,0.1460817072330869,6.904226870031445
HIP51491,8.010000019567087E-4,-0.04108320512163921,6.943694887834772
HIP51491,63.7834760899932,-5.3448231529220775,6.261550825014131
HIP51843,1509.9951853890016,0.4546473859192677,1.1561057011417992
HIP51843,28.899711837999348,0.552411001570154,1.6757289618161337
HIP52160,1816.1462751599975,-12.62004975115677,4.120499966342432
HIP52160,0.036375819996465,-0.5927291863581132,1.370273856631277
HIP52160,0.04127670000161743,0.2644283050995213,1.1524846172930407
HIP52160,0.8903698100039037,-0.21637964761533013,1.6846206956537115
HIP52160,0.026234769997245166,-0.005887958131253868,1.8093400114547915
HIP52160,0.059329819996492006,0.10567267291214577,1.482221953000614
HIP52160,0.9130100900001707,-0.4085329917029341,1.3023480791046476
HIP52160,0.055661520003923215,0.3158761730670605,1.3311142600156753
HIP52160,0.9038276200008113,-0.030593578107811936,1.509264086636191
HIP52160,0.12309046999871498,-0.0985592264280939,1.3182454287951362
HIP52688,972.2067236369985,10.038692190396208,2.890067908550168
HIP52688,723.9688417849975,-4.4455241501065,3.8028805605025435
HIP52688,0.0014031329992576502,0.10318657939293807,4.836744907621681
HIP52688,26.09891511400201,3.0708754424771456,3.6433778279449482
HIP52688,0.001497470002504997,0.07963233871082487,1.9173534214601202
HIP52688,0.8371322299935855,-0.769903407537786,2.1401840697979693
HIP52688,0.001575718000822235,-0.17045025187604423,2.130219000570716
HIP52688,0.05480309600534383,-0.36363259877958853,1.7234044136474584
HIP52688,0.001346298995485995,0.3375422035239932,1.6319305267489614
HIP52688,23.974379261999275,-0.2079748297332351,2.3645853945712765
HIP52688,0.0015518729996983893,-0.12804291563709036,2.8993859889818125
HIP56379,1835.0857420600005,-6.055224159995815,8.816913764209866
HIP56379,7.038799958536401E-4,0.3170078118258406,10.241540470679723
HIP56379,66.8629612299992,-1.005833315754252,9.187107595735792
HIP56379,1112.9405869750044,0.5825984711298382,7.741133101445483
HIP56379,0.004449423999176361,0.30033127275667937,7.288479019981024
HIP56943,1517.857659827001,2.3790064412736855,1.9295709236043184
HIP57451,30.11043921000237,-4.44383994431076,5.610370234121751
HIP57451,717.1557417859949,0.29613028423242227,5.026991069613478
HIP57451,61.84975141299947,0.9468254323406811,4.269352723285276
HIP57451,30.79068231600104,-4.003543605295894,6.8859974875771295
HIP57451,0.0013604089981527068,0.05119329237300718,9.125170828572006
HIP57451,246.16583486600575,5.092355450125526,6.495824322385436
HIP57451,341.0165525639968,0.7111079406142196,1.3858596021181608
HIP57451,0.013323835999472067,-1.81714873285582,2.7090423050716606
HIP57451,0.003048758997465484,0.16324867803602316,3.5756112455748505
HIP57451,934.7765155400048,2.974223385544967,4.084683855746675
HIP57451,0.0016901830022106878,0.310889188061072,4.545931860408242
HIP57451,175.13675339099427,-3.218578536603811,3.6158535907236904
HIP57451,0.0017606860055821016,-0.08882117046162818,2.8371539269827366
HIP57451,65.19114696999895,6.012592297829965,5.2538964242645925
HIP57451,0.0015966709979693405,-0.17964721841060438,6.564846209582957
HIP57451,11.877194471999246,-8.908485583075137,7.301887962193629
HIP57451,147.79498993900052,3.9835141111479118,5.821678738139303
HIP57451,0.0016706359965610318,-0.10632373130080808,1.9036683395934322
HIP58720,0.002491751998604741,0.06255555851530836,6.875081455113008
HIP58720,0.0023822520015528426,-0.005141372172795755,6.834855691584704
HIP58720,0.0019201769973733462,0.13138232742834965,6.781762405125741
HIP58720,0.0019318690028740093,0.023905214804978314,6.7202145390649095
HIP58720,0.0019312820004415698,-2.0074665087086405,6.428654828468372
HIP58720,0.0019311750002088957,0.40301275999483366,6.12977130137736
HIP58720,0.0019311729993205518,-0.3180512686789605,6.105737293647582
HIP58720,587.3959964960013,5.151930075288947,4.438265513293443
HIP58720,289.9770584539947,1.1080516427012501,1.7738423001999135
HIP58720,114.89059070000076,-1.9729909402528651,1.825620923145301
HIP58720,0.0016091580037027597,-0.5650237173179544,1.6636683117158053
HIP58720,1013.1226027059965,0.8764132439390817,1.6033277010632037
HIP58720,0.0018627730023581535,0.09169068185932616,1.5411569812379935
HIP58720,21.789963196002645,-0.04441475867579214,2.4441670131924096
HIP58720,9.890376370996819,-0.4595540383537422,2.2609538742949025
HIP58720,338.2854552790013,-2.516577078963355,3.1194964849650644
HIP58720,0.001934662002895493,-0.1313825385873315,4.391432139048513
HIP58720,379.78052704699803,3.4089154350892823,3.528244948096582
HIP58720,1.029013824998401,1.2535584084576303,2.1776316126599644
HIP58720,366.06313510199834,0.36098995916845666,2.1278849317472357
HIP58720,0.002026554000622127,-0.19547210242623692,2.161745504995351
HIP58720,0.002188719001424033,0.24812495784077626,2.2017735091237625
HIP58720,0.0023765820005792193,0.9231639645917475,3.0194314969495006
HIP58720,0.002286643997649662,0.01081480698525894,3.6348355624198554
HIP58720,0.001910571998450905,-0.16710862238918267,3.5730133988221513
HIP58720,0.001692499005002901,0.039024234312634576,3.503366232370825
HIP58720,0.0019070999987889081,-0.03813525553676911,3.5033336221372107
HIP59896,1751.1820000000007,1.0550000000000002,3.860447570604838
HIP59896,20.918000000005122,-0.23500000000000032,3.8408745627418517
HIP59898,456.878428805001,6.478505253001878,2.5685417736559266
HIP59898,0.0030516560000251047,0.9101205587770806,1.9775682160660089
HIP59898,271.0754950679984,2.575162147458826,1.943429098652231
HIP59898,1.0354904730047565,0.6947595622119991,2.2362437150840875
HIP60183,206.22517153999797,10.652170482010057,8.581418908442723
HIP60183,379.837850306998,2.2743369909473117,4.140459694242048
HIP60183,43.06003373700514,-1.0353406699802505,5.501190819691049
HIP60183,332.23841478100076,3.8892609561270586,4.528449344457846
HIP60183,0.004603965993737802,0.015132494515087913,1.1579954984047294
HIP60183,336.89114074600366,1.744794275804928,1.994936166547463
HIP60183,0.00203906100068707,0.017884504645062194,2.469868502916316
HIP60183,318.0541548100009,-1.8364640494492335,1.949441749704735
HIP60183,0.0020637229972635396,-0.06255970757857199,1.1872501749791662
HIP60183,34.0192035709988,0.21225630117931615,1.3215618339962956
HIP60183,0.001597134003532119,0.10023758806152117,1.599556296821187
HIP60183,751.7898127989974,0.29775415060445454,2.2233979616257553
HIP60183,31.03268914000364,-1.458738938406034,2.57050245764157
HIP60183,9.096943273994839,1.2544892637087983,2.2905491831890927
HIP60183,0.0016988659990602173,-0.0720560581390135,2.014933044921387
HIP60183,155.7108664490006,1.5685866010032292,4.101320441056334
HIP60183,0.001331719002337195,0.4307240291451393,5.654278923934937
HIP60183,166.28166154400242,-3.9533059479249832,4.345244118771744
HIP60183,2.0847045669943327,1.9535538265704666,1.8861668335874047
HIP60183,0.0018690280048758723,0.016360790126324076,1.8907750893461706
HIP60183,21.91831256599835,1.2201947213910014,2.2979995374410795
HIP60183,94.66294064700196,-1.8513460597086464,2.255182233205958
HIP60183,0.001641231996472925,-0.01458828202335205,1.8027776750032947
HIP60183,0.0016509550041519105,-0.017593266577549116,1.8149499799105437
HIP60183,0.0016037289969972335,1.2428201843609514,2.0574625675764793
HIP60183,0.0016847520018927753,0.05410303638284475,2.2895233395057484
HIP60183,0.0016034969958127476,-0.1432500938888559,2.3103694821188396
HIP60183,0.0016229419998126104,0.01988132710524404,2.299556514981674
HIP60183,0.001640075002796948,0.08027067311028091,2.2808498728451467
HIP60183,247.14262102000066,-0.4529775239852807,2.2200081233690625
HIP60183,1.0445686929961084,0.600162564599815,2.128170448292104
HIP60561,223.32218913099496,4.818981081140347,5.159318178024877
HIP60561,0.9804384800008847,0.31500721910101603,1.8568820044995458
HIP60561,2.9440089410054497,0.1555651706239196,1.3662192193284988
HIP61498,0.0016021500050555915,0.019838949910782944,1.8185899765716609
HIP61498,0.0016047999961301684,-0.020064815556217752,1.818471820423868
HIP61498,0.001602140000613872,0.022608824332298383,1.8202472110772374
HIP61498,0.0016078499975265004,-0.020429032837596672,1.8214036227904997
HIP61498,0.0016189200032385997,0.06811937714177407,1.9199240102683919
HIP61498,0.0016093699960038066,-0.010077660768311958,2.020927723462415
HIP61498,0.0016717000034986995,-0.0014601262842965923,2.0162078393619693
HIP61498,0.0016047600001911633,0.006082807300938242,2.0180041294214663
HIP61498,0.001603090000571683,0.002403946127380152,2.0213393812256246
HIP61498,0.0017034499978763051,0.0013446501490781415,2.0229553297347644
HIP61498,0.0016068300028564408,-0.005891119590625493,2.021077635360688
HIP61498,0.001604849996510893,0.08206031724000074,1.9815420051544073
HIP61498,0.0016030000042519532,-2.6512826800306755E-4,1.943643092204306
HIP61498,0.001611449995834846,-0.018766204823208454,1.935682314023599
HIP61498,0.0016121100052259862,0.02348092407940161,1.938165854242851
HIP61498,0.0015972699984558858,-0.0178921691461138,1.940155547824335
HIP61498,0.0016096499966806732,0.008877369386951273,1.9355892396997245
HIP61498,0.001608730002772063,-0.01243765903300087,1.8870850696358006
HIP61498,0.0016105399990919977,0.0091968938193423,1.8385955182061176
HIP61498,0.0016117999984999187,0.0038880940867764835,1.8463067126027917
HIP61498,0.001629669997782912,0.002926039143165582,1.8507114283696406
HIP61498,0.0016022600029828027,0.00504483465272898,1.8561958746386713
HIP61498,0.001679549997788854,-0.003757161302076817,1.857075166024973
HIP61498,0.0016072799990070052,0.19521900647570245,1.7624880645473562
HIP61498,1874.9457065100069,-0.8418306824712101,1.2670552618030584
HIP61498,53.008251649996964,-0.6463526123504026,1.5268322838471258
HIP61498,2.8276776100028655,0.8758733059242179,1.513572472580647
HIP61498,0.010971550000249408,0.10964233115184907,0.7666233793921056
HIP61498,2.9522872699963045,-0.6800271702695415,1.40894556412515
HIP61498,0.0012427999972715043,-0.018576389331674825,1.7734139984882984
HIP61498,0.0012463900056900457,0.010346043301813879,1.7722076224957455
HIP61498,0.0012517199938884005,-0.020052784951746006,1.772688510586599
HIP61498,0.0012500900047598407,0.18401758621403808,1.799261680670845
HIP61498,0.0012519500014605,0.007014194658136574,1.8250362310877
HIP61498,0.001247659994987771,-0.0047880516235334625,1.8247760269483362
HIP61498,0.0012446600012481213,0.007869523877159779,1.8248933620453112
HIP61498,0.0012452299997676164,-0.001593108196299653,1.8247153448656306
HIP61498,0.0012428000045474619,-0.0016284178003722616,1.8245973630390737
HIP61498,0.0012450099966372363,-0.008328752954493979,1.8252613331088272
HIP61498,0.0013004400025238283,0.00981312950674873,1.8252888354631216
HIP61498,0.0012478999997256324,-0.1661159489987991,1.8026901062617007
HIP61498,0.001250089997483883,-0.001190302962592149,1.7804725921981062
HIP61498,0.0012481300000217743,0.011547405341974404,1.781835854824297
HIP61498,0.0012437300028977916,-0.005556091405975572,1.7822158064713325
HIP61498,0.001247199994395487,0.005471511895293268,1.7821959049907454
HIP61498,0.0012562300034915097,-0.0077010839689961585,1.7819698025735295
HIP61498,0.0012448900015442632,-0.0023409090090291684,1.7806333156495449
HIP61498,0.001247659994987771,0.003948574436378749,1.7807863693120303
HIP61498,0.001242110003659036,0.2067201026088359,1.8099049171983814
HIP61498,0.001243959995917976,0.0046140101431548786,1.839158739872049
HIP61498,0.0012490500012063421,-0.015301078972190574,1.8388334099957022
HIP61498,0.0012464000028558075,0.01182033796565296,1.838136244435472
HIP61498,0.0012493999965954572,-0.015404593055697191,1.8385557718354364
HIP61498,0.001264910002646502,0.02453540820486566,1.8409161569551382
HIP61498,0.0012481300000217743,-0.01455186388787677,1.8404085519221494
HIP61498,0.001246389998414088,0.008781719155718015,1.8387164985152453
HIP61498,0.0012434899981599301,-0.09071178476213593,1.8532277728679958
HIP61498,0.0012504500045906752,0.0041572608363189545,1.8672021701830697
HIP61498,0.0012475499970605597,-0.008143069417232418,1.8666142671297266
HIP61498,0.0012453500021365471,0.018891933742211542,1.86965749556913
HIP61498,0.0012475399998947978,-0.0012480959875311726,1.873669602966762
HIP61498,0.07124592999753077,0.22650200467463755,1.8143956684808706
HIP61498,0.0012461600053939037,0.012799322932291801,1.7586559098457941
HIP61498,0.001249859997187741,-0.012684104866553803,1.7586958118483536
HIP61498,0.0012502199970185757,-0.11743682809647016,1.7692668319131835
HIP61498,0.0012441900034900755,0.0031569208144466288,1.786082595739573
HIP61498,0.0012424500018823892,-0.002679844544278609,1.786270701447614
HIP61498,0.0012448899942683056,5.739442998491384E-4,1.785356608311364
HIP61498,0.0012482400052249432,9.111520185403066E-4,1.7859733385445
HIP61498,0.0012491699962993152,0.0022890214548967336,1.7873989763073461
HIP61498,0.0012476600022637285,0.0010379524457784228,1.788948770453737
HIP61498,0.0012533400004031137,-0.0036241492028157296,1.787780863339735
HIP61498,0.0012504400001489557,-0.09620350351492135,1.7803733039332197
HIP61498,0.001243729995621834,0.007983115778753103,1.778599318505889
HIP61498,0.0012444300009519793,-0.005032958593501391,1.7799155635012875
HIP61498,0.0012473099995986558,0.010896283545048568,1.7836461249104139
HIP61498,0.0012496400013333187,-0.010818643965372132,1.7836830513692956
HIP61498,0.0012837699978263117,-5.007128892975388E-4,1.7770998394526312
HIP61498,0.0012454700045054778,-3.275240348532549E-5,1.7768476238088915
HIP61498,0.0012480099976528436,-0.004024021385334642,1.775114601205949
HIP61498,0.0012469700013753027,0.13590012523287864,1.831659482034222
HIP61498,0.001246389998414088,0.0073606059872250995,1.8914073162910652
HIP61498,0.001248829998075962,0.0026190507915684336,1.8961081657778245
HIP61498,0.0012434900054358877,6.627979537876527E-4,1.8979151374593506
HIP61498,0.0012514900008682162,0.003894457449655775,1.9007182413051273
HIP61498,0.0012512499961303547,-0.0018303981609095743,1.9019623810121347
HIP61498,0.0012438400008250028,-0.002316763269346822,1.8993963478510019
HIP61498,0.001248940003279131,0.0115276887439979,1.90598148556815
HIP61498,0.001243149999936577,-0.08889057890155527,1.9594171663504962
HIP61498,0.0012491699962993152,-0.008952660734244944,1.9998681999188228
HIP61498,0.0012456999975256622,-0.0012350999670305285,1.995379722468248
HIP61498,0.0012449999994714744,-0.01228770216406172,1.9912823127585215
HIP61498,0.001245580002432689,0.02631218004699587,1.997821377726634
HIP61498,0.0012460500001907349,-0.005701843461038081,2.0049899458184686
HIP61498,0.8841773599997396,0.6376532271185891,1.8281640685295257
HIP61498,0.0012483500031521544,0.008081589575297699,1.6441279844117431
HIP61498,0.0012505599952419288,-0.003839370538067932,1.6482442712781649
HIP61498,0.0012446600012481213,-0.0017305282264672428,1.6424499636373098
HIP61498,0.0012473099995986558,0.0013637750327513132,1.6420776691783818
HIP61498,0.0012467400010791607,0.008948060944543812,1.6533238194414395
HIP61498,0.0012514800037024543,-0.0016641880783474505,1.6611980631890035
HIP61498,0.0012476699994294904,-0.011361476480598931,1.6474336240591125
HIP61498,0.001250089997483883,0.10231364567178236,1.631769088178686
HIP61498,0.001248710002982989,-0.004886108067112538,1.6233103227448635
HIP61498,0.0012512499961303547,-0.004117434462902914,1.6150912181989023
HIP61498,0.0012469700013753027,0.012567849642853623,1.6235664283504998
HIP61498,0.0012475499970605597,-0.007809103271654294,1.6276573395259708
HIP61498,0.0012475500043365173,0.005214551080933383,1.62488877962902
HIP61498,0.0012481199955800548,-0.00494277920175179,1.62513848251412
HIP61498,0.0012472100061131641,0.006378472272633218,1.62665137632141
HIP61498,0.0012676799960900098,-0.22226867173227394,1.6201741822045959
HIP61498,0.001245240004209336,-0.0038132294565729197,1.6033457239494924
HIP61498,0.001247429994691629,-7.422049105629824E-4,1.5986985833291352
HIP61498,0.0012475500043365173,-0.0027239544415902373,1.5954092433790172
HIP61498,0.00124661999871023,-0.008874058901896298,1.585619817967954
HIP61498,0.0012489399960031733,-0.009179757126964283,1.572721437263443
HIP61498,0.0012512500034063123,-0.0018655047128897095,1.5661417663691333
HIP61498,0.0012491699962993152,0.009981934444105,1.5710540125551893
HIP61498,0.0012466200059861876,0.46989492836229374,1.4416862849765515
HIP61498,0.0012446599939721636,-0.006180105657352719,1.2869596843377873
HIP61498,0.0012514800037024543,0.009666903762397538,1.2905562121964669
HIP61498,0.001245810002728831,0.029496174981127332,1.3432625938401732
HIP61498,0.0012427999972715043,0.005442567610812965,1.39580089015095
HIP61498,0.0012435000026016496,0.00842757333867894,1.4231573242870779
HIP61498,0.0012441899962141179,0.0011682022121375368,1.4426152997308161
HIP61498,0.0012575000000651926,-0.002366708192482747,1.4401035443027561
HIP61498,0.0012497499992605299,0.5559443734761658,1.5101762815643616
HIP61498,3.9318577099984395,-1.6048594235909004,1.244172794784784
HIP61498,1.1293521500047063,0.04531123942078974,1.0409079072457834
HIP61498,0.0012460500001907349,-0.01509997723114509,1.2346953581523423
HIP61498,0.0012478899952839129,0.013843462129701223,1.2328394680931123
HIP61498,0.0012462800004868768,0.0036756696220860974,1.255921364707505
HIP61498,0.0012669900024775416,-0.006924958765256228,1.2513851014290176
HIP61498,0.0012510300002759323,-4.8327913142021117E-4,1.2406756619299621
HIP61498,0.0012486999985412695,0.005211737435575792,1.247417890623576
HIP61498,0.001291419997869525,-0.04118316333057326,1.2027379514547059
HIP61498,0.0012441900034900755,0.01787400956496832,1.1771997130425675
HIP61498,0.0012477799973567016,-0.017225567965051702,1.1780530945487324
HIP61498,0.001242459999048151,0.004864478686886109,1.1570711011656
HIP61498,0.0012473200040403754,-0.005374249913139728,1.1563869355110898
HIP61498,0.0012617800020962022,-0.001426890850897422,1.1468327964142921
HIP61498,0.001246739993803203,0.01032448305726863,1.16003775282629
HIP61498,0.0012476600022637285,0.0019081820241995118,1.1780456339266683
HIP61498,0.0012464000028558075,0.05721205994771417,1.1979875121726453
HIP61498,0.001247429994691629,0.0028936494649345335,1.2180206910857774
HIP61498,0.0012481300000217743,0.006556081562746563,1.2300997987013764
HIP61498,0.0012531000029412098,-0.004561202528337915,1.232583341788509
HIP61498,0.001252410002052784,0.002848179364559833,1.2302022186419654
HIP61498,0.001259929995285347,0.007608623428512651,1.2451526861286648
HIP61498,0.0012554200002341531,-0.012891951716443195,1.2384358748233295
HIP61498,0.0012506800048868172,0.012417401697442543,1.2376849054530117
HIP61498,0.0012510199958342128,-0.03203347786064814,1.2523708845121566
HIP61498,0.0013041499987593852,-0.00529615905114067,1.2432961448434339
HIP61498,0.0012465100007830188,0.0038964027051964223,1.2414468534957586
HIP61498,0.0012517200011643581,0.010904728256352136,1.2620486486937275
HIP61498,0.0012480100049288012,-0.0033534633382625856,1.2724888094888127
HIP61498,0.0012426799949025735,0.0025186412876072595,1.2711801542151624
HIP61498,0.0012498700016294606,-0.017346919520162984,1.2521272517559676
HIP61498,0.0012604000003193505,0.009908935883206738,1.241120252289428
HIP61498,0.0012441899962141179,0.17053583986646803,1.4457807172943595
HIP61498,0.0012500900047598407,-0.040468467656515905,1.5682100016462108
HIP61498,0.7649120599962771,0.9254105812616773,1.7887237266667884
HIP61498,0.009003700004541315,0.001329399657118202,2.017679396554802
HIP61498,0.008998969999083783,-0.25760278925515845,1.7944347526452316
HIP61498,0.00900289999844972,0.2710147787470394,1.8994932390337234
HIP61498,0.10745026999939,-2.0042621842244728,1.8810335107267193
HIP61498,0.009001049998914823,-0.23781834465942975,1.9149386985556833
HIP61498,0.009001620004710276,0.0804097320440631,2.32481614234393
HIP61498,0.009000250000099186,0.022679292116834837,2.3277852916942003
HIP61498,0.010841929994057864,1.4086022660352393,2.060772032330583
HIP61498,0.001245580002432689,-0.1535525867272467,1.8906570906993452
HIP61498,0.0012474399991333485,-0.01552038649485521,1.936520422699132
HIP61498,0.0012499799995566718,0.026869823349583655,1.942982232598057
HIP61498,0.0012468600034480914,-5.712722373099055E-4,1.953762271742286
HIP61498,0.0012433800002327189,-0.011344134490452795,1.9470810347449634
HIP61498,0.0012488200009102002,-0.006147340943921442,1.9383836862864083
HIP61498,0.0012436199976946227,-0.005277053148389221,1.934547823436674
HIP61498,0.001242689999344293,0.005050096457583031,1.9344739891335734
HIP61498,0.0012501000019256026,0.0064602804594846575,1.9251347539674175
HIP61498,0.0012427999972715043,-0.026094083864653506,1.918757312841273
HIP61498,0.0012478900025598705,0.023719042994736483,1.9185997276411924
HIP61498,0.0012467499982449226,0.015948188596114576,1.917245719830271
HIP61498,0.0012511300010373816,-0.007319730880417374,1.9183530505045958
HIP61498,0.0012469799985410646,0.002490725091366386,1.9168510147254876
HIP61498,0.0012422200015862472,0.0054118007807835156,1.9191591762426035
HIP61498,0.0012503300022217445,-0.018044318538787962,1.917416106380725
HIP61498,0.001249639994057361,-0.19548128466565728,1.8739473612019992
HIP61498,0.0012509000007412396,0.0029632894365949625,1.8337420776126927
HIP61498,0.001313300002948381,0.008264713351216812,1.8372056843123699
HIP61498,0.0012491699962993152,-0.002979094758586598,1.8388331121050925
HIP61498,0.001245010003913194,0.005455532107246697,1.8399275352592712
HIP61498,0.001243499995325692,-0.004218259180519546,1.8403869904368688
HIP61498,0.0012435000026016496,-0.0011454913156345725,1.8381679924856202
HIP61498,0.0012515999987954274,0.013174347905616557,1.8441924395903584
HIP61498,0.001252640002348926,0.007113079552233614,1.8155793368270605
HIP61498,0.001249059998372104,0.01110589399474815,1.7838470017602293
HIP61498,0.0012472000016714446,-0.005035677034220143,1.7857211079900353
HIP61498,0.0012433899973984808,0.011054823107947698,1.7889201579380654
HIP61498,0.001249519998964388,-0.023826821224687045,1.7858446837289657
HIP61498,0.0012433800002327189,0.0026142966287263647,1.7777916420255544
HIP61498,0.001245819999894593,0.014399417987933205,1.7826347076496158
HIP61498,0.0012447400004020892,0.03204135094243288,1.8118481777552216
HIP61498,0.8794776800059481,1.0627471195331903,4.167828231622525
HIP61498,0.009003269995446317,0.5290256411448242,6.21331695948951
HIP61498,0.008999429999676067,-0.21284634200423547,5.60600514914794
HIP61498,0.008999440004117787,0.40860715500776124,3.7867475186175894
HIP61498,0.01083952000044519,-0.24575089581483844,3.254215697653965
HIP61498,0.008999669997137971,-0.5345923390738001,2.499758664405598
HIP61498,0.009002220002003014,-0.031697903159476404,1.8952236709922288
HIP61498,0.009001519996672869,0.4216668448884855,2.5559901919417896
HIP61498,205.15103348000412,-1.122549629268482,2.4352095784733714
HIP61498,0.0035983399939141236,0.0330164120782559,1.7311130926891323
HIP61498,902.701319440006,-0.22299243357541076,1.2679833776231502
HIP61498,1698.202775769998,0.1468752085494005,1.1022178472085058
HIP61498,0.06031564000295475,0.11277621182875741,1.4363565912917822
HIP61498,0.0038430699933087453,-0.048900994482495186,1.3785734063697122
HIP61498,0.9200435200036736,0.12479418916745555,1.4769749870455355
HIP61498,0.08830271999613615,-0.376307551312431,1.429766246473829
HIP61498,0.9374612400060869,0.12583242250499627,1.3977384310601226
HIP61498,0.0724646800008486,-0.08390389993353153,1.3837080128639483
HIP61498,0.027815199995529838,-0.025525550225310667,1.1376763173643782
HIP61498,429.75074662000407,0.9960409305438445,1.7856099965612777
HIP61498,0.06658342999435263,-0.17246618449750617,2.2195036774382584
HIP61498,0.9711313799998607,-0.47155484930945146,2.270877193270768
HIP61498,0.16842298000119627,0.27265178145367663,2.1509142002866644
HIP61498,0.11320125999918673,0.05735620958567278,2.389781098876291
HIP61498,0.6651889600034337,-0.3700820942427958,2.6607409968235616
HIP61498,0.09073334999993676,-0.14964427743895747,2.146370482354181
HIP61498,0.151602300000377,-0.033597006532353646,1.9112699127868678
HIP61498,0.10944741999992402,1.170799528322645,3.543068586376861
HIP61498,0.6783059500012314,-0.9539370935672693,3.5754083872614886
HIP61498,0.059716179996030405,-0.03334631978880154,2.116271350488907
HIP61498,0.17196253000292927,0.017319318712981868,2.176923889256101
HIP61498,368.7610879799977,0.15751577987038612,1.6881884649483176
HIP61498,0.20909075000236044,0.019886325076650557,1.55975885680884
HIP61498,0.86177289999614,0.1421208601818904,1.603432545828742
HIP61498,0.995379280000634,-0.3172192936497682,0.8283679128544946
HIP61498,1.0435759399988456,-0.4945857377361964,0.5946604910501369
HIP61498,0.06384705000527902,0.8485881330357774,0.5279530933023505
HIP61498,0.8730983999994351,0.04627985813364344,0.8188816431614556
HIP61498,1.0303862599976128,0.010628189605927041,0.995308443077695
HIP61498,0.1303506300027948,-0.8186355259475535,0.965966183101238
HIP61498,0.8112822499970207,1.0835635015308585,1.1016926929456576
HIP61498,1.042893930003629,-0.8021093475791021,1.1719726999345326
HIP61498,411.8425610859995,-1.711611016969841,1.8641837236885945
HIP61498,0.003162197994242888,-0.06236176906292634,2.4391403551200814
HIP61782,0.00928956000279868,0.04595991820630552,2.0446283730466397
HIP61782,1812.9988004299958,-0.06319113706752688,2.0692459982062097
HIP61782,0.00732337999943411,-0.36359756325613546,2.2452143333319534
HIP61782,0.007309259999601636,-0.1355006813118642,2.218005894559943
HIP61782,0.027117350000480656,0.5740160440729873,2.3767873565653295
HIP61782,0.007320260003325529,-0.41660266366860377,2.4165663435192033
HIP61782,0.0073113399994326755,0.1565382826379409,2.082385939946954
HIP61782,0.9000002899992978,0.03886992335648287,2.126949296416554
HIP61782,0.06992401000024984,0.49813986354716455,1.9068891016755145
HIP61782,0.9488980199967045,-0.43369153218494993,1.568063292395835
HIP61782,0.06376042000192683,0.26662504592314207,1.6900420503632994
HIP61782,0.8964294600009453,-0.20504555592025753,1.8078941717490373
HIP61782,0.07237614000041503,-0.24976862835649172,1.7769341788328468
HIP61782,801.9125195300003,0.8553941005656753,1.4136946725511674
HIP61782,0.9821833000023616,0.3265434560052043,1.7181406212360535
HIP61782,0.9913701400000718,-1.0342417227202318,2.0748361196076393
HIP61782,0.9774049900006503,0.07865871499176791,2.0499791594205052
HIP61782,1.0013806499991915,0.4504210935241222,1.794543880219337
HIP61782,1.0322846099952585,-1.5739343197670372,4.921776862287451
HIP61782,0.9400777699993341,2.006009668003596,5.121291400015696
HIP61782,1.0542682800005423,-0.4640713843770463,3.33658743438547
HIP61782,356.04475660000026,-0.6086105832053583,3.1941530185663707
HIP61782,0.010775030001241248,0.17139517894846534,2.408728315707664
HIP61782,0.01078173000132665,-0.35298449767635987,2.487546775293132
HIP61782,55.77348709299986,1.408488233265496,2.112960267791268
HIP61782,0.0053027760004624724,-0.13851954736447425,1.7756011153182536
HIP63839,431.9375890260053,-0.9541916411918088,0.8618470174946542
HIP63839,268.1702910199965,1.371674463557147,0.8807444493484832
HIP63839,1.965093059996434,-0.3197579871469465,0.6471145677206795
HIP63975,22.011321630001476,-0.03791634994041715,2.6997740298746775
HIP63975,4138.691646487998,-1.2259757755443967,2.627800208203256
HIP63975,260.31191075199604,1.3368814505949995,2.614308886326553
HIP63975,88.76538476000133,-0.15365742896008072,2.4534712890200043
HIP63975,0.003841880003164988,-0.060621216701214564,2.200023854769393
HIP63975,0.003842220001388341,-0.05750635646782598,2.207504369941741
HIP63975,3.056942559996969,0.15961206225931512,2.2093284224782637
HIP63975,0.0038449900021078065,0.13988065852794485,2.089551816502533
HIP63975,0.0038423399964813143,-0.42214711471105026,1.9986538149356579
HIP63975,10.995955300000787,-0.15948316242137572,1.8541469515128992
HIP63975,36.91592217000289,-0.16023979034200053,1.769477678523508
HIP63975,11.937390729995968,-0.03556220631392826,2.042232967979452
HIP63975,0.0038469600040116347,-0.04497548727126954,2.1949547176460653
HIP63975,0.00384302999736974,0.15488886981262517,2.2676433611793256
HIP63975,0.9742450400008238,0.022160596158261825,2.268742125214475
HIP63975,0.002467149999574758,-0.089358938091328,2.1776653441121088
HIP63975,0.0024537200006307103,0.09904821553246101,2.18121364120512
HIP63975,0.0024601999975857325,-0.05077273346025635,2.0486857336039255
HIP63975,0.002448279999953229,0.08004572544628807,1.9235092038830721
HIP63975,2.01237902000139,0.21251258134215156,2.4100980241867425
HIP63975,0.0024529100046493113,-0.10347131867633053,2.7765151405244572
HIP63975,0.0024592799964011647,0.049160586766422654,2.384488880029904
HIP63975,0.002455109999573324,0.07912016484298867,1.9762039576564656
HIP63975,0.0024520899969502352,-0.06460367452516991,1.9803096134623723
HIP63975,1.0215076800013776,-0.09307115275973388,1.7790221563620754
HIP63975,0.0024788400041870773,-0.23904282916464048,2.156294059186035
HIP63975,0.002494460000889376,0.020195895347182358,2.602182011707795
HIP63975,0.002494489999662619,0.01669237512669497,2.608974747062481
HIP63975,0.002484239994373638,-0.03437129944914652,2.6064907860328743
HIP63975,4.8655001200022525,0.10003086173868425,2.2470502178449676
HIP66068,243.2002555500003,3.348069872349482,3.508067596533202
HIP66068,26.921211635999498,-0.3293180525246804,2.984049737055238
HIP66068,0.9936424650004483,-0.6096893256615346,3.085096810697329
HIP69011,648.1636286740031,-0.5020903727020549,2.6563155497785953
HIP69011,826.7128652739993,-2.4191200909332804,2.1302500101645183
HIP69011,0.0018172830023104325,0.018364016829405472,2.1878285162627282
HIP69011,708.0453328089934,2.29179409261658,2.0145100652354606
HIP69011,0.0013938629999756813,-0.08005091509572893,1.7395200490580152
HIP69011,382.95123279700056,-1.0157683260993844,1.357476735958355
HIP69011,0.0016260539996437728,-0.050609628004628426,0.9613952845589864
HIP69011,310.0930417430063,1.702500275011043,1.4300718263999006
HIP69011,0.0016333589956047945,-0.0429088000633735,1.7923483484329863
HIP69011,0.0016188910012715496,0.05064115668769542,1.7940582297458603
HIP69011,0.0016682010027579963,-0.007807560552040904,1.7914150421310773
HIP69011,0.0016881089977687225,0.020564651133521572,1.7956928697257617
HIP69011,0.0016589410006417893,0.4743450057224736,2.0455436639883517
HIP69011,0.0016256039962172508,0.020522657376267794,2.2573423990244676
HIP69011,0.0016901940034586005,0.18445066393361564,2.298035388546905
HIP69011,2.9536686029969133,-1.5240784945326986,1.996999918821142
HIP69011,0.0016244460057350807,-0.20525962203391224,1.499104445785233
HIP69011,0.001617852998606395,-0.1647482402962579,1.2022834710041197
HIP69011,0.0023496259964304045,0.0645303813048983,0.9826379851555409
HIP69011,0.001919032001751475,-0.11290639717916928,0.9830231642621068
HIP69011,13.858321799001715,2.1590698059601587,2.11678511826615
HIP69011,0.00184923399501713,-0.03302202801671683,2.835424229731789
HIP69011,0.0019049100010306574,0.04174284795670147,2.8383711299516357
HIP69011,0.0019324590030009858,0.04204522512879105,2.8686392343911695
HIP69011,0.002126803999999538,0.2536378495403344,2.780189566257197
HIP69011,0.00223144399933517,-0.09378260864698262,2.630603646127523
HIP69011,0.0019315329991513863,0.0680046948609272,2.615039927394523
HIP69011,0.001926785997056868,-0.03858832450932326,2.620934377226964
HIP69011,0.9798800610005856,-2.3405366758616415,2.2033062972761552
HIP69011,0.001980726003239397,-0.11587942301054976,1.6552605563175142
HIP69011,0.002409118998912163,-1.7143757715062775,1.758831989234047
HIP69011,0.0017525810035294853,0.017453272927761887,1.9075240469607007
HIP69011,0.0018789809982990846,0.01971514709400024,1.9164520502335634
HIP69011,0.0019106969994027168,-0.016134367235395075,1.9173346041887318
HIP69011,0.002244176001113374,-0.07016790662676797,1.9187776437707516
HIP69011,0.001845179001975339,-1.7845413079441959,2.4385416403978235
HIP69011,0.0021396519950940274,0.026710615911109237,2.8533598273796765
HIP69011,0.0024231249990407377,0.0290854990996825,2.84120507975326
HIP69011,0.9728675890000886,4.190778093558423,2.2299606249806194
HIP69011,0.001942413000506349,-0.7206694399956923,2.251922589597149
HIP69011,0.001843793004809413,-0.09304036070030186,2.8406718285602923
HIP69011,0.0021636120000039227,-9.76674604329375E-5,2.810032593669095
HIP69011,0.0021772709951619618,0.009305801656767088,2.810334374433341
HIP69011,0.0021932430026936345,-0.06057647645783337,2.81970768581325
HIP69011,0.0025012569967657328,0.3800481301764318,3.380130288208343
HIP69011,0.0021897710030316375,0.29970758736930314,3.7881007065931547
HIP69011,0.00202714199986076,0.02094758279785669,3.727788185332132
HIP69011,0.9803442089978489,-1.0731524394439962,3.357192141420102
HIP69011,0.001857914998254273,-0.20141358653023467,2.9477273051965267
HIP69011,0.001880486001027748,0.04044661636305591,2.946641219334227
HIP69011,0.0018737729988060892,-0.6124178448820867,3.4325798212831766
HIP69011,0.001857800001744181,-0.05750363152317606,3.8916953835455854
HIP69011,0.0018136979997507297,0.11665389354763578,3.8838503600896916
HIP69011,0.0017715639987727627,-0.019427583020717343,3.8554315114049427
HIP69011,0.9969849020053516,1.286915831830151,2.8848211594097264
HIP69011,0.001747604001138825,-0.08227080543521037,1.289924256002818
HIP69011,0.0017127629980677739,0.0035061791852477597,1.247263182960776
HIP69011,0.001731283999106381,0.006548370188464325,1.2479185993679263
HIP69011,0.0017705240024952218,0.2085391687764382,1.196402518519475
HIP69011,0.0018064079995383509,-0.014331103383361743,1.134121741984419
HIP69011,0.0016639139939798042,-0.05235296378333221,1.1159457203909628
HIP69011,5.10280132600019,0.9015343328410381,1.5203374618437697
HIP69011,0.0016192410039366223,-0.08505653866459362,1.8243068741816253
HIP69011,0.0016116030019475147,0.019351089661643783,1.8050161887366927
HIP69011,0.0016779259967734106,1.796721343358504,3.249009152434813
HIP69011,0.0017307130037806928,-0.035570413414393265,4.211502342697686
HIP69011,0.0016471349954372272,-0.14310254002605394,4.206802363020567
HIP69011,0.0016112540033645928,0.12334972265797983,4.201951967592719
HIP69011,0.0016895029984880239,0.2006856766574856,4.326350636038778
HIP69011,0.9846882810015813,-3.208106839842281,3.967449033434735
HIP69011,0.0016673930003889836,-0.14562802159392163,3.3336959961765578
HIP69011,0.0016096339968498796,0.011057968134514873,3.2628457858895548
HIP69011,0.0016618360023130663,0.02527728806985774,3.268776026026673
HIP69011,0.0016945960014709271,-0.06069237473833322,3.2683787536408038
HIP69011,0.0016781589947640896,1.0093274544244277,2.9967527249725747
HIP69011,0.0016186600041692145,-0.08881655666059807,2.7010667613238915
HIP69011,0.0016898489993764088,0.182033790052178,2.741971893614162
HIP69011,0.8904121759987902,1.2024446102446005,2.5847048302560682
HIP69011,0.001672719001362566,-0.09801682120731847,2.3323183159810026
HIP69011,0.0016256070011877455,0.043102201429952025,2.3065690136362518
HIP69011,0.0016584810000495054,1.0508001718059088,2.9775463008359124
HIP69011,0.0017073290000553243,-0.08045894845977752,3.491695530148304
HIP69011,0.0016800099983811378,-0.03584995974581506,3.467054270566695
HIP69011,0.0016186630018637516,0.059083884295476174,3.47055992388417
HIP69011,0.0017068649976863526,0.19998043398198107,3.628550291720174
HIP69011,13.967204902997764,-1.8524144501377888,2.8565834280290856
HIP69011,0.0016423859997303225,-0.05794094383742365,1.449024311869079
HIP69011,0.0016273389992420562,0.03427158453128065,1.4513124549933532
HIP69011,0.0016839420059113763,0.016919304029929805,1.4346972004740504
HIP69011,0.0016789639994385652,0.051015314111933385,1.4602466158001453
HIP69011,0.001706049995846115,-0.03677173601256278,1.5023991857613104
HIP69011,0.0016519950004294515,0.0274092793037779,1.505129668745595
HIP69011,2.9819747299989103,-1.1499629615639453,1.6063249204209415
HIP69011,0.0016941290014074184,-0.1569251331243544,1.5415586350388422
HIP69011,0.001626997000130359,-0.04325971979648369,1.3313458281703723
HIP69011,0.0016661210029269569,-0.24123094803483802,1.3211511032372771
HIP69011,0.0016951739962678403,0.004710150738992169,1.3340550529255069
HIP69011,0.0016619529997115023,-0.042395267820181104,1.3065896656691955
HIP69011,0.0016263020006590523,0.00247463418524152,1.2750524522288982
HIP69011,0.992285416003142,1.2050467001454148,1.3829001761990984
HIP69011,0.0017598759950487874,-0.11986723200782201,1.4118887760049024
HIP69011,0.0016448210008093156,-0.10492704936812114,1.2015977113638432
HIP69011,0.0016972540033748373,0.05542572886041519,1.1108250575935625
HIP69011,0.0017292019983869977,-0.0463973046765318,1.1171118899470982
HIP69011,0.001744134002365172,-0.03160068969409746,1.0439190822479796
HIP69011,0.0016641519978293218,-0.027255778579668544,1.0281592204943764
HIP69011,25.00880758099811,0.014082477567315621,1.7434896906958097
HIP69011,0.0016169230002560653,-0.21799233261638573,2.1690450286908867
HIP69011,0.001608589998795651,-0.49410246748332654,1.9052983546836577
HIP69011,0.0016730600036680698,0.03371791061656193,1.7100482940575463
HIP69011,0.0017065119973267429,-0.0567876017223794,1.7070726644722987
HIP69011,0.001679658998909872,-0.011765558571131152,1.6893146119146474
HIP69011,0.0016096280014608055,-0.018569460476072663,1.6949378156033912
HIP69011,0.9875928270048462,1.9233216629583785,2.291131835269281
HIP69011,0.0016702839930076152,-0.15869885726950006,2.691376264192714
HIP69011,7.0026844370004255,0.45466712163351186,2.543558304974
HIP69011,0.0016324380048899911,0.3884305597388984,3.325037569659168
HIP69011,0.001634289998037275,-0.0041997397759248045,4.005977961640215
HIP69011,0.0016738760023145005,0.10013046543238158,4.039707066112079
HIP69011,0.001708832998701837,0.008733048049496261,4.0790974673728915
HIP69011,0.0016898510002647527,-0.15068187676324118,4.048982243741147
HIP69011,0.0016251449997071177,0.06518830928806274,4.011876799819934
HIP69011,0.0017013100004987791,2.7134541156405323,4.763320444914249
HIP69011,294.9660057040019,-3.6750718057371685,3.985918281743633
HIP69011,0.0017899659942486323,0.009130649607280716,1.582594280163555
HIP69011,0.0021100160010973923,-0.33911191781862016,1.5651168585828126
HIP69011,0.0018148520030081272,0.03958306408114165,1.5536949575601247
HIP69011,0.0018092949976562522,0.05614769957391541,1.624625757991005
HIP69011,0.0018503879982745275,-0.08224814691291193,1.6138988694599894
HIP69011,0.0018074440013151616,0.008135238644285891,1.5465075917705986
HIP69011,0.0017657749995123595,0.024576092082758016,1.5621824563418718
HIP69011,0.0018624250005814247,1.733554072307924,1.7915386100758421
HIP69011,2.9925330570040387,-2.1111011494009544,1.6254064768858612
HIP69011,0.0016506049942108802,-0.13278923967778322,1.156551677923549
HIP69011,0.0016165760025614873,0.07868027625735241,1.1251114623842253
HIP69011,0.0016425040012109093,0.02180700505343669,1.1048356740740115
HIP69011,0.0017040820021065883,0.2206323181292138,1.1929618595735978
HIP69011,0.0016685480004525743,-0.082030246106779,1.282529920323383
HIP69011,0.0016185459971893579,-0.0415769846502716,1.3351655493807613
HIP69011,0.001689728997007478,0.13025539536093778,1.323722917467618
HIP69011,0.9953785760008032,-1.4767789104368108,1.4007352307686352
HIP69011,0.0016555830006836914,-0.0700876872103926,1.49968060788882
HIP69011,0.0016576670022914186,0.006907956662960402,1.4797747386344617
HIP69011,0.0017000349980662577,0.09727096799971946,1.5347622810671167
HIP69011,0.0017273460034630261,-0.10165937493748789,1.5357383012415653
HIP69011,0.0017263079935219139,-0.015407244374933349,1.4860798870633791
HIP69011,0.0016538480049348436,-0.06910817898454535,1.5156066400169246
HIP69011,3.013438091998978,2.0465573825642416,1.6466679641023143
HIP69011,0.001670282996201422,-0.05909025817612701,1.7320555936064976
HIP69011,0.0016742190055083483,-0.010087302258217967,1.7165670980317969
HIP69011,0.0017140369964181446,0.08178351013830198,1.7401131058045407
HIP69011,0.00172156000189716,-0.36506900963077715,1.6184039432289359
HIP69011,0.0017250359960598871,-0.027730134384914784,1.4503763059079005
HIP69011,0.001633819003473036,-0.02172839473570054,1.438023678838627
HIP69011,0.9727032410009997,-1.0807383624958184,1.6868148064959392
HIP69011,0.0016853299966896884,-0.2456606744730605,1.7881834627224382
HIP69011,0.001621319999685511,0.06134824039352793,1.9216697609467501
HIP69011,0.0017332510033156723,-0.05646301587839275,2.140817979391712
HIP69011,0.0017180889990413561,0.0722172590774921,2.1486302332213367
HIP69011,0.001701881003100425,-0.07554825726414638,2.1490279719842316
HIP69011,0.0016312749939970672,0.02840736847495684,2.1325199882013024
HIP69011,31.97305468000559,1.278618010712079,1.840543327398163
HIP69011,0.0025928079994628206,-0.04104537146205178,1.4958089752209387
HIP69011,0.0016249069958576001,0.007602093473684235,1.4963718948468092
HIP69011,0.0016668090029270388,0.06742340968220706,1.510909273366823
HIP69011,0.0017291990006924607,-0.010475778407898595,1.5205601275545488
HIP69011,0.0017031559982569888,-0.07997813341173021,1.5142286131262834
HIP69011,0.0016426160000264645,0.7607182673695876,1.8020810507859941
HIP69011,0.001709165000647772,0.30378651908190246,2.053745508084918
HIP69011,1.0165100189988152,0.9940525826924951,2.333007591331877
HIP69011,0.0016667009986122139,-0.3470560006469974,2.363209077966652
HIP69011,0.0016394830017816275,0.033461983373202386,2.136517519961204
HIP69011,0.0016738690028432757,-0.006047597707463659,2.1440639396615766
HIP69011,0.0016947029944276437,0.009781231790858769,2.1459926647294356
HIP69011,0.0016790780064184219,-0.06475844215605342,2.139362365793544
HIP69011,0.0016424999994342215,0.02453954655584223,2.126724535880292
HIP69011,220.3931264779967,-2.587049517092826,1.7895668132390128
HIP69011,0.0017956329975277185,0.08551931709424565,1.394168324054343
HIP70040,1536.965691821002,-15.022243140744202,16.513435293528087
HIP70040,8.611770026618615E-4,3.4314108810077357,22.264983897365404
HIP70040,22.92179047499667,-3.998681545060684,18.476172395611073
HIP70040,9.684850010671653E-4,1.4684701239350417,14.854817954236331
HIP73150,1436.0938880780013,11.533629411522455,1.1076824992915835
HIP73150,47.78666221899766,-11.14140978502715,1.269676853782634
HIP73397,1571.7194451769974,5.171073877881614,4.297634822900093
HIP73397,16.026521119005338,-0.8096782514707712,2.8430385428386873
HIP73865,364.9695619500053,1.736080306000093,1.2386619740660756
HIP73865,1067.0231541699977,-6.605970971170285,5.889532010881013
HIP73865,68.97208121400035,0.7099085041386086,7.3726546278360665
HIP73865,0.04044587499811314,3.9482709974582058,4.58375808173983
HIP73865,49.68581752799946,-14.508270276307885,15.295320479865099
HIP73865,944.4190256849979,13.70573888898645,15.355050852298373
HIP73865,6.937609485001303,-5.597725084437192,2.6184289604268023
HIP73865,816.9545447010023,8.559353711557284,2.300442925714887
HIP73865,89.7756444159968,-4.8821124444283885,1.8204145151664621
HIP73865,200.2077276150012,2.6153609337218127,2.641763067028076
HIP73865,0.0016805760023999028,-0.035383523649032966,2.899084936402067
HIP73865,377.0346864269959,1.9979688140138387,2.7568197513952977
HIP74242,1771.0680000000066,1.2850000000000001,3.852382680610387
HIP75210,844.9240815639932,-4.281390737643789,9.549327705102508
HIP75210,9.595750016160309E-4,1.3893965032654443,12.852832583920994
HIP75210,3.0022884819991305,-8.000395926699225,17.162970914042745
HIP75210,8.628050054539926E-4,3.096745441052093,20.173730152555365
HIP75210,142.2459888480007,9.10267590651275,13.818160513963951
HIP75210,135.69554772199626,-1.8604521046009994,1.519816615010205
HIP75210,0.00203792100364808,0.07978263139280628,1.2830707870088338
HIP75210,655.3727033989999,1.3175660521060566,2.8525520793800445
HIP75210,705.871228238997,0.7965825295940521,3.3657434306187435
HIP75902,1479.9521145660037,1.4457912522778233,1.5906827113286028
HIP75902,31.068760299000132,0.6639706289266911,1.4096204648700308
HIP76011,2471.272002149999,0.22392565428945055,0.9910973247045298
HIP76011,3718.7462412940004,-2.8354480483919247,2.515719687236662
HIP76234,0.001654072999372147,0.27857931472205355,3.8734528811987814
HIP76234,970.6920327510015,2.472706700456364,3.2966809164422743
HIP76234,0.006887821000418626,-0.2584632762570116,2.5582329769884677
HIP76234,210.2221682160016,1.3166101884389239,3.0547313998328938
HIP76234,455.8196330149949,-2.6774990296365573,2.754032897705141
HIP76234,0.0016169160007848404,-2.893895800401932,3.7679914297784096
HIP76234,0.001626763005333487,-0.019955945461441083,5.154685228394413
HIP76234,0.001673177997872699,-0.04091141222844463,5.186258831980586
HIP76234,0.0016787349959486164,-0.017731980916863677,5.221579783803727
HIP76234,0.0016796600029920228,0.09327951418603275,5.185196748137271
HIP76234,0.0016099790009320714,-0.007463990980099755,5.1385096103600985
HIP76234,0.0016980709988274612,-2.3019562061642835,6.496231002509024
HIP76234,50.91492066899809,6.399736071713489,5.567686807035386
HIP76234,0.001656163003644906,-0.08440644817441023,1.9527415138176194
HIP76234,0.0016334760002791882,0.030675928967360377,1.912623715352327
HIP76234,0.0016809340013423935,0.47250988281510375,2.3070051050495413
HIP76234,0.0017026950008585118,0.012252979473986958,2.6418929437479237
HIP76234,0.0016558169954805635,-0.08377657859738075,2.608412129950951
HIP76234,0.0016435459983767942,-0.02356421768387773,2.5620858894229603
HIP76234,0.0017107980020227842,0.13038200669090227,2.6272062215853165
HIP76244,1448.9447547990058,3.394140367941505,3.9517607059009463
HIP76244,28.976413327996852,0.08000944624005157,3.705130374165289
HIP76310,0.0010763559985207394,-0.03870818678416743,2.5409776302711125
HIP76310,0.0015485000039916486,-0.15142893438026017,2.3342563218469246
HIP76310,0.0010759910001070239,-0.0180305430444474,2.1175684130282764
HIP76310,10.784958361000463,1.0187819927576491,2.1017084371990413
HIP76310,0.02141499985009432,-0.37800132231827965,2.294147482247705
HIP76310,0.9748849999159575,-0.3594104893473613,2.3385007676502156
HIP76310,0.021414300426840782,-0.3140224306454469,2.0027595838675603
HIP76310,0.021414199844002724,1.2232019190968317,1.5533301231033088
HIP76310,0.9651787001639605,0.5450685059226426,1.4759860947631187
HIP76310,0.02141459984704852,-0.3359754217974125,1.5253743554871013
HIP76310,12.184082939951622,-1.2373911552607797,1.7504970567499212
HIP76310,0.0010745059989858419,0.152789750797385,2.1357732331794517
HIP76310,7.786176474000968,1.4408978531203804,2.253754435383915
HIP76310,0.15815811999345897,0.24534805550320354,1.7556184111361341
HIP76310,0.8090978100008215,-0.9528036828225203,2.089044475284024
HIP76310,0.11162263000005623,1.2602790541028066,3.3404331826115077
HIP76310,0.07833958000264829,-0.8750644125902909,3.0126150132178706
HIP76310,0.8352116500027478,-0.3247922657019249,2.2588487757248705
HIP76310,0.175064739996742,0.01380537874227783,2.3231042908833963
HIP76310,0.8558751599994139,-0.32214847917710565,1.752399079881888
HIP76310,0.1632594800030347,0.3091400548636264,1.7373191636545686
HIP76310,369.842105109994,0.4934828604370013,1.721817711008206
HIP76310,2.008886160001566,-0.6452272377553965,1.4843423091803396
HIP76310,0.9847147300024517,0.2811464468156233,1.4775092900074789
HIP76310,1.9665681900005438,-0.2644983369943855,3.395007746284274
HIP76310,451.08544339900254,-0.8812421417232504,3.4011412594298585
HIP76395,0.002150219996110536,0.03568663400928629,1.574756910454737
HIP76395,3432.7847927050025,-2.70673992083353,1.8140936702815513
HIP76395,208.24463103900052,3.39813689579792,2.564287016167755
HIP76395,25.955193160996714,-1.2584964530342289,2.910851935201696
HIP76395,1.064130290003959,0.8715367897926419,4.608627099742294
HIP77289,1504.897273968003,-5.391807432776078,5.796387533928368
HIP77289,3.053756977999001,-3.9430261114688516,9.581891706024956
HIP77315,0.0034823300011339597,0.09023937765797929,0.9316390412964916
HIP77315,3233.048628839002,-1.4747981132384986,0.927881060011899
HIP77315,273.1289504479937,1.7394530089747196,0.9419503684395716
HIP77315,12.952679109999735,-0.4335058061200907,0.7625118548729594
HIP77315,1.086270322004566,0.2444229878948243,0.7237037301777616
HIP77317,0.004248149998602457,-0.06527157100074654,1.2213626123132444
HIP77317,2571.0207015720007,0.256877334445911,1.5913142043373179
HIP77317,825.800889680002,-2.2693755578139037,1.9869112037473098
HIP77562,0.0031266590012819506,-0.3359185169973298,1.3020251210689537
HIP77562,1473.8720131660011,0.31746301023014123,1.8246574938285436
HIP77562,3.053530340999714,-0.4062125661047675,2.9489587246770257
HIP77911,0.0031274200009647757,-0.49571322754066127,1.727263833239013
HIP77911,2244.915000969995,1.1487237641686603,2.2963665778120808
HIP77911,371.95022376999987,-0.44223216363229234,2.2177838700231893
HIP77911,2.9943407500031753,-0.2808279097477451,1.360710938114216
HIP77911,452.9925559280018,0.019872569479953306,1.593465759202878
HIP78378,9.993500000004133,0.36999999999999744,3.856324538055859
HIP79179,1472.0259542720014,1.5915188905648865,1.720472736692857
HIP79179,9.99562369499472,-0.3166885700252937,2.3675140515347453
HIP79878,0.00460836999991443,0.06536031944610254,0.8035474626821104
HIP79878,2610.896754000998,-0.16923335751215474,1.0567523848497042
HIP79878,203.1931831690017,0.21201973069062907,1.118303512535893
HIP79878,5.015721699994174,-0.20139195058779968,1.1458035341084953
HIP79878,0.9288385700056097,0.8375789307706447,1.7266125332633953
HIP79878,463.0120697079983,-1.963630855238383,2.2194477409617126
HIP79878,0.004057644997374155,0.1355520910035839,2.4557541476653886
HIP79945,1457.9390000000058,0.45500000000000007,3.87270365368004
HIP79945,10.049999999995634,0.28999999999999915,3.8645366321269927
HIP80019,1457.9347194479997,0.8950420848794156,2.108658758634635
HIP80019,11.936727923006401,0.4922781983244313,1.7951172134543858
HIP80387,1436.037994506005,-4.673345746647021,1.5160722489193101
HIP80387,10.027673056996719,0.6111866533575121,1.2543131010525974
HIP80465,1793.1339999999982,-4.02,3.8569739558931566
HIP80477,0.0051088939944747835,0.28541545348241826,2.3234064134668317
HIP80477,22.90603712700249,0.9472762860306609,1.775684767937259
HIP81045,1457.9771414300048,2.6221730018509106,6.721670688577525
HIP81045,9.938482593999652,0.0931176376415408,6.292279186116165
HIP81474,1648.6648127859953,-6.592324358249975,16.38310155181158
HIP81474,8.498419992974959E-4,2.709355128327836,21.757917107483088
HIP81474,1024.2960824640031,6.614790442709754,14.812696024355647
HIP81474,0.001615754998056218,0.013601902877148575,1.8281697084225275
HIP81474,51.74393026000325,-3.1663508816743366,3.661503402870421
HIP81474,0.001139323998359032,-0.1253454172342714,4.828545855263289
HIP81710,0.005547477005166002,-0.2717010566099418,2.7594056451623157
HIP81710,1526.7232992719946,-3.829692221775894,5.177065208503585
HIP81710,9.992496124003083,-2.212415133872818,10.866534768938529
HIP81891,670.0451404949999,-0.695822480028125,3.2123695351393606
HIP81891,0.0015864720044191927,0.10380820609937924,3.4371753268614045
HIP81891,18.983582812994428,3.04881096595471,2.9276525718378426
HIP81891,0.0017536150044179522,-0.10022934454903482,2.3161731503784093
HIP81891,124.65964139699645,-7.6038160702160305,12.525880131539367
HIP81891,8.437740034423769E-4,2.1056892345669533,17.030288954614633
HIP81891,264.10674386200117,4.8644197167901035,11.682527685834296
HIP81891,0.0032648790001985617,-0.03246629604766216,1.369022529982204
HIP81891,108.91028016499331,-1.9537032609694833,1.4632302570000792
HIP81891,0.0014117980026639998,0.8309063472374849,1.8229703230591827
HIP81891,179.28945445999852,2.629224970085583,2.276134126136666
HIP81891,0.001682326001173351,-0.054382027076916195,2.444931712502088
HIP81891,71.87418368300132,-1.4910006987890916,1.8335112210124427
HIP81891,18.997541880002245,-2.0397262809965624,1.4068150825505512
HIP81891,0.001736827995046042,-0.01166489192095499,1.7361629884697813
HIP81891,50.00443236800493,-5.171928652099642,6.880990775466081
HIP81891,14.81708300599712,3.246481385405281,7.077321284058702
HIP81891,30.994651521999913,6.1266760106652445,2.8001949723166044
HIP81891,0.0021673040027962998,0.06613806343910866,2.7122454894341486
HIP81891,0.0019635839998954907,0.11589755909390775,2.8404330598402483
HIP81891,0.001161088999651838,-0.0018888052692063173,2.937864794956454
HIP81891,540.2613238519989,-3.2776697626046367,2.981051071067647
HIP81891,0.001436236001609359,-0.013263957045985375,3.0261776524515254
HIP81891,16.986856757997884,2.208948861602651,2.4429749047381097
HIP81891,0.0017332549978164025,0.0232344281191732,1.662571895457563
HIP82091,1509.056342415999,-2.063383073639116,3.5466013586731195
HIP82091,11.966130995999265,0.1907994032993905,3.7565867015709014
HIP82154,2973.9951588819968,-1.9955294683508158,3.536398599644659
HIP82154,496.6892659540026,1.4195982014869943,3.660470346757143
HIP82154,0.0016022079944377765,-0.03586788390870432,1.4322328709453414
HIP82154,291.14319333599997,1.2285404502476835,1.079356308195931
HIP82173,1521.0046031890015,-0.1914799796439155,1.186775710222692
HIP82173,16.898447346000466,0.23143152011664148,1.6246998340042929
HIP82173,2.944146075002209,-0.2927962057366762,1.738997029668826
HIP82714,1472.7818839249958,1.5239479699058538,1.1569569157799637
HIP82714,9.072554874997877,-0.7981587159372598,1.319934797667275
HIP82714,1.9641748760041082,0.3033433866056283,1.3602877691647925
HIP82850,0.0052329679965623654,0.9602973539651627,2.2882390518092675
HIP82850,1490.964850381999,-0.23373649007227115,1.4427070458663545
HIP82850,32.873828838004556,0.9135843277355891,0.6944691790173316
HIP84175,1471.9648837079949,3.28417757626681,1.9073599776903618
HIP84175,9.072185060002084,-0.5745514506502372,4.852279543888201
HIP84175,1.9570112439978402,-1.005701988399383,5.27381150423136
HIP84543,1.9250000000029104,-0.10500000000000043,3.8541437956411975
HIP84628,1475.0544930820033,3.759276569621743,2.832789761081335
HIP84628,1.0232139820000157,-0.7924172247195855,2.3401969110319345
HIP84628,3.812594242001069,-0.16596634465599314,2.2131010373319966
HIP84628,9.073390468998696,-0.20008140707446742,2.894697880210713
HIP84673,1452.1291419900008,3.076081237469854,1.7585477978498683
HIP84673,30.916562183003407,-0.09856498522530543,1.1857486207235732
HIP84749,4.7629999999990105,-0.5449999999999982,3.881637748232606
HIP85372,0.0073069900026894175,0.18888418533406437,0.6311829353562222
HIP85372,0.007321580000279937,-0.03327325368440981,0.7851578827235964
HIP85372,4131.846371681997,-2.39355624251108,1.1927231752273204
HIP85755,0.01637652999488637,-0.33180225225396853,5.487283683496876
HIP85755,0.8461599400034174,-2.3916757267104494,5.7182684340154495
HIP85755,55.8284264899994,3.690683722636848,4.457153581066407
HIP85755,0.017364450002787635,2.1989286531881405,5.65054532723661
HIP85755,20.095201799995266,-5.554834179503079,5.484908045116188
HIP85755,0.017838450003182516,3.8464884747995107,1.7298960836372168
HIP85755,0.018080729998473544,-2.842352090681331,2.358403262043137
HIP85755,1.8947931500006234,0.46255576198835513,6.394155723527065
HIP85755,0.018730320000031497,0.7664242450917129,6.176741293871983
HIP85755,0.06955066000227816,-0.6471010389726857,3.482336945949296
HIP85755,17.82798052999715,-1.090667994724516,3.5760708985184038
HIP85755,2088.3284637879988,-3.5274574309760176,3.0195468282211224
HIP85755,120.68544576899876,-1.5670369086268288,3.4863906944466487
HIP86866,1723.286,-3.509999999999998,3.851025912474481
HIP87381,1452.1086878510032,-0.45823730791664996,3.192760189050567
HIP87381,15.839484511001501,0.493318988437764,2.5751258470218037
HIP87807,1543.7819799370045,-15.507067359878597,16.851692134466603
HIP87807,8.519249968230724E-4,2.834565917045232,23.129366089307965
HIP87897,1459.8475413619963,1.9944800420882771,1.4535229956906741
HIP87897,15.023360235005384,-0.07789143445489799,0.9057371907250994
HIP89114,1475.0574400640035,-0.557981058968636,3.0884515542474174
HIP89114,6.005450824995933,1.5667136788051543,3.182402509542535
HIP89114,18.840331402003358,-0.14324984358050585,3.623628294316466
HIP90609,733.9663837480039,-18.15615735658556,14.735017925513075
HIP90609,9.98354000330437E-4,2.6281251292585885,19.09006488002935
HIP90609,1.0079155459970934,-3.928695782735886,19.668978202872484
HIP90609,8.534299995517358E-4,2.2582054080116194,20.118484859736984
HIP90609,1370.2752883270005,8.58445333162856,14.102362013691687
HIP91779,29.005047880003985,-2.5269297474362986,1.9256869868257012
HIP91779,1547.6122300549978,1.706104836710928,1.7177721697869106
HIP91779,1.016420913998445,-1.475047820228859,2.2544149595380625
HIP91893,1458.8081310430061,108.56723612624785,17.612136367575378
HIP91893,3.9975994209962664,-43.07392737951171,0.9683173107947539
HIP91974,0.009507880997261964,-0.2920114396781486,1.3986382302278648
HIP91974,1452.068701381002,-0.4578950911056232,1.1155953991702217
HIP91974,15.099001141999906,-2.668991260127049,1.0891655864996999
HIP92188,1417.8763183150004,2.5611722485453035,1.6704363685101036
HIP92188,0.016296081004838925,-0.108943755542942,0.5527363323616452
HIP92188,70.02830552899832,-6.268266815707478,11.9142450274023
HIP92188,0.0028943430006620474,1.845896410645266,16.10262950331519
HIP92188,0.0029745589999947697,0.03235205380100492,15.342420608829812
HIP92188,24.819830137996178,-9.277229756567673,18.171613971996322
HIP92188,8.582930022384971E-4,13.015248317501865,14.611100183285417
HIP92188,1367.270930837003,0.05312813864175947,1.388360042129503
HIP92188,0.0016708659968571737,-0.05138146872723448,1.2549501399475766
HIP92188,0.0017189019999932498,0.025377117252737946,1.2421102428885107
HIP92188,0.0017028130023390986,-0.026587899923071312,1.2424213130651183
HIP92188,0.0017461030001868494,0.03675620160475912,1.2459065306040102
HIP92188,0.001735107995045837,-0.022254006729343967,1.244046699681585
HIP92188,0.0020271489993319847,0.1941556738916108,1.133941413934552
HIP92188,58.897363859003235,1.29234968857888,1.5689454537567802
HIP92188,0.0020186920010019094,-0.0794451846289368,2.1649288591095113
HIP92188,0.0019565339971450157,0.028726620539205383,2.3483843029101856
HIP92188,0.0020767980022355914,0.05263890578487285,2.3830918229076734
HIP92188,0.001886967998871114,0.04241079775980583,2.450753893663446
HIP92188,0.0017876540005090646,-0.11722487447979324,2.417725510143387
HIP92188,0.0018248089982080273,-0.08527356169476552,2.099341435134788
HIP92188,93.61809181400167,-0.4958807337210229,1.437234357553699
HIP92188,0.001792520000890363,-1.2255784421489644,1.1031145442867445
HIP92188,0.001770527996995952,0.03364447572864471,1.3013551270843045
HIP92188,0.0018942660026368685,-0.014617277970318199,1.3143930233088323
HIP92188,0.0018222680009785108,-0.06416506931700017,1.2794200872150836
HIP92188,0.0017877749996841885,-0.04560301312914694,1.2842662586304878
HIP92188,307.1546296289962,1.074166174792857,1.9736386692888366
HIP92188,29.988619410003594,-0.06771952870782405,2.0459231176093926
HIP92364,1481.6927026589983,0.03503027597793107,6.589315610663179
HIP92364,8.006818177003879,-0.3401745031301111,10.897525333834645
HIP93000,1510.8578948089998,1.1871868805298504,0.8816387165473303
HIP93000,3.039157968996733,0.19976763546427456,1.0615606484299545
HIP93525,1471.8541931400032,0.7425305410741174,6.4245948108327475
HIP93525,2.919454399001552,0.2339352836982158,6.467940398567272
HIP93542,0.0022135300023364834,0.02751371439453365,3.4880129290624287
HIP93542,0.15915634999691974,-0.16438638107643655,3.3910717134070114
HIP93542,0.002201950002927333,-0.012698531187091078,3.296547954447271
HIP93542,0.035957199994300026,0.008124790431871531,3.493703992225685
HIP93542,0.0022171200034790672,-0.013742173871406749,3.6837298864079946
HIP93542,19.762108850001823,-0.3437085842927665,3.44283899758952
HIP93542,0.0017811899961088784,-0.020778531885245144,3.184501570486148
HIP93542,258.3476227499996,0.31647770673992426,3.204267705190899
HIP93542,0.0022438500018324703,-0.08962377919226583,3.2131009423129937
HIP93542,1104.0313480600016,0.498834586914235,2.4867618849624877
HIP93542,357.89070851999713,-0.5427509979930853,1.6872502177246662
HIP93542,2959.849241871001,-0.4070054464389976,1.7100659033909436
HIP93542,0.004863497997575905,-0.09348801008319896,1.3607112683182
HIP93744,1458.8559999999998,0.48999999999999844,3.96138443682285
HIP93744,3.9759999999951106,-0.6549999999999976,4.0608553018521505
HIP94167,1458.8443023720029,-0.2654551860212564,2.1197390613763223
HIP94167,7.946901131996128,-0.3974023374128066,1.746648230559828
HIP94260,1466.1077127120006,7.053908586005672,13.67621341029701
HIP94260,71.68953369899828,-4.083409955168509,13.938104415149569
HIP94770,0.0018382279959041625,0.2842286183369378,2.804908668902846
HIP94770,1225.758011417005,0.3451022679286684,2.804369827411658
HIP94770,0.0017994479931076057,0.043738092869991974,2.9221593961851515
HIP95109,3629.0669851540006,-17.647162725853214,12.870055916592317
HIP95109,4.008835920998536,5.229796747788178,12.946677262802861
HIP95619,117.62621074100025,-8.00184005004564,7.246679063531094
HIP95619,248.27962245500385,-1.692379491639782,7.477122107936826
HIP95619,0.0012468589993659407,0.1628111668009673,9.719948826600978
HIP95619,367.7964205899989,2.078755595481491,7.202562150203767
HIP95619,0.0017252530014957301,0.031884022451505345,3.2185703317822605
HIP95619,5.220498053000483,1.0828866526383187,2.861782189865464
HIP95619,0.0019877730010193773,0.07136126324556358,2.4810032865851515
HIP95619,11.02836529599881,-8.495129940296614,9.6803868248642
HIP95619,0.002160256997740362,0.11039250367089792,13.41900569586739
HIP95619,0.0016893819993129,0.21836474816069185,13.333132213126794
HIP95619,752.8629276470019,8.565644186200537,9.508568290054178
HIP95619,0.0017766449964256026,-0.09836301060135444,2.0440104681494518
HIP95619,342.18829870600166,-0.13677033515496806,2.604784118671444
HIP95619,0.001739138002449181,0.04296801806901307,3.1137233313635004
HIP95619,0.002573582998593338,-0.12228014511922147,3.07542125568067
HIP95619,310.9885620319983,0.31472321197945874,3.085625327542852
HIP95619,0.0015606730012223125,-0.05413746972482336,3.1921479371780435
HIP95619,0.0015705100013292395,0.13536197174557874,3.1779993572757697
HIP95619,0.0016685529990354553,0.10404301982201325,3.1662585089622532
HIP95619,0.0016281549978884868,0.11401822371276893,2.902060724512599
HIP95619,0.001574794005136937,-0.0916622783558827,2.5369286256899737
HIP95619,0.0015881049985182472,0.06389621566842596,2.521356564933791
HIP95619,84.80090578700037,0.05984291168376732,2.870410628955104
HIP95619,0.0015573089985991828,-0.15993070379043228,3.047697193191351
HIP95619,0.0015772199985804036,0.00966258507667117,2.930358624608126
HIP95619,0.0015931930029182695,0.09398770723441352,2.993573861294857
HIP95619,0.0016232880007009953,-1.2369173390568697,2.847007349364781
HIP95619,0.0015812700003152713,0.01428667954761309,2.6396463333444444
HIP95619,0.0015558059967588633,0.006005820261567152,2.6594256050400795
HIP95619,0.001634168998862151,-0.08506193858871747,2.5987957195113527
HIP95619,0.8661086319989408,1.4470604933760445,3.2763184028244323
HIP95619,0.0015902980012469925,-0.03194070713261521,3.8640594408751965
HIP95619,0.001617850000911858,0.017690552397084502,3.8554718182484984
HIP95619,0.0016073130027507432,-0.01071932550852317,3.8587505757124414
HIP95619,0.0016203949999180622,0.04617660359557085,3.8823899512446975
HIP95619,0.0016084730013972148,-0.06518751363650743,3.8742056524160855
HIP95619,0.0015880989958532155,-0.14505600112794959,3.234370677303102
HIP95619,0.0016448180031147785,0.2297334295857878,2.5868341848564596
HIP95619,17.91125586799899,1.5283229059683228,2.6981006067758635
HIP95619,0.0015501369998673908,-0.0069987145020293795,2.719929861947647
HIP95619,0.0015627579996362329,0.011668069627603472,2.717735923097679
HIP95619,0.0016105559989227913,0.06446528979338328,2.6947308989202003
HIP95619,0.0016298889968311414,0.008629697673562475,2.59314709378042
HIP95619,0.0016131070005940273,0.008486784101162215,2.5006808486929004
HIP95619,0.001579187999595888,0.0052322285213639574,2.4920911820027944
HIP95619,0.0016109070056700148,0.10094999264481075,2.4626229762616143
HIP95619,2.9880277019983623,-2.2290776569149067,3.1950699999747583
HIP95619,0.0015600900005665608,-0.11500997640573285,3.849162337910361
HIP95619,0.0015628690016455948,0.0016378907999978765,3.8911242659892293
HIP95619,0.0016223639977397397,0.07674883808647959,3.8543866205873103
HIP95619,0.0016297719994327053,-0.1598802721041821,3.9269797732140708
HIP95619,0.0015847449976718053,-1.2357080675235093,5.309677307144103
HIP95619,0.0015641409991076216,0.08120963708723572,6.312222723924476
HIP95619,0.0016208600063691847,-0.39804223794920013,6.51507608146698
HIP95619,24.054013782995753,3.8231967594834124,5.002852931888053
HIP95619,0.0016892690036911517,-0.1306380189940093,2.044482628715956
HIP95619,7.067113594996044,0.20175832753621492,2.88325455049098
HIP95619,0.0018198340039816685,0.19489588514825495,3.698523529431416
HIP95619,23.806255208997754,-0.49892147968935774,3.14862923809115
HIP95619,0.0018466889960109256,-0.13557173777103326,2.3684298383268367
HIP95619,0.0018553710033302195,0.03158664481383333,2.3833212629887965
HIP95619,0.0018620839982759207,0.17240499248497088,2.2599085844262383
HIP95619,0.0018431010030326433,-0.010536075142673518,2.1426280211471282
HIP95619,0.0018278220013598911,-0.08896375784709942,2.1400202370400416
HIP95619,0.002004226997087244,-0.007194584768583923,2.1438686218615053
HIP95619,0.9914869850035757,0.13016865553106882,2.8961856991944845
HIP95619,0.002033740995102562,-0.1997324419579405,3.389957837642304
HIP95619,0.002055270000710152,0.8902721971567136,3.460946487410453
HIP95619,0.0021103679973748513,0.12051918095732361,3.6740772462149547
HIP95619,0.001957345004484523,-0.03882788847188223,3.698819192477514
HIP95619,0.0020212399977026507,-0.07198577394373196,3.651250074786414
HIP95619,0.0019215790016460232,0.08520517091919277,3.658549591241734
HIP95619,1.985116736002965,-1.3804885077753042,3.5679153708945566
HIP95619,0.0017545479931868613,-0.11558115320141127,3.3633966675724367
HIP95619,0.001828514003136661,0.09796360183222141,3.3481550815511385
HIP95619,0.0017090600013034418,2.6213978210763225,5.248272460670352
HIP95619,0.0017501519978395663,0.10963641195285723,6.631695174851982
HIP95619,0.0017124180012615398,-0.09173528940748854,6.635788201497694
HIP95619,0.001679658998909872,0.05212257251957508,6.6170509420784915
HIP95619,0.0017677459982223809,0.19828162432237084,6.774118050096197
HIP95619,0.9846315899994806,-0.8393654220026665,6.147764359990008
HIP95619,0.0015470090002054349,-0.0183825964957558,5.277942915570381
HIP95619,0.0020860620061284862,0.06497793874933766,5.277065635948439
HIP95619,0.0017346409949823283,0.10741659520794311,5.302842821440925
HIP95619,0.002136761002475396,0.03374004862501945,5.349966292871236
HIP95619,0.0018380069959675893,1.9127261304014285,5.990187350396674
HIP95619,0.0020625640026992187,0.029693608633032387,6.554877581681884
HIP95619,0.002000173000851646,0.23206827711032174,6.657735741449053
HIP95619,0.0023264749979716726,-0.16330779923088157,6.670733909921112
HIP95619,0.0017561700005899183,-0.049775332022752306,6.571525358993568
HIP95619,0.9917935859994031,-4.322205219954998,5.199604995856067
HIP95619,0.0015823140056454577,-0.10301859360592491,3.3071370891685725
HIP95619,0.0016006399964680895,-0.01070920561792299,3.295849002652492
HIP95619,0.0016094750026240945,0.020748745805486912,3.293839331391494
HIP95619,0.0016709799965610728,0.0334057194415438,3.2874673349470567
HIP95619,0.0017853390017990023,0.07347643685149574,3.311552203013244
HIP95619,0.0015952769972500391,-0.2560937483330692,3.4132221997169756
HIP95619,0.00165951900271466,-0.27508028497177683,3.4128587916177437
HIP95619,199.41339663899998,-1.2608233977268624,2.909373157531523
HIP95619,0.001583350996952504,0.003340700341157188,2.4089311949524315
HIP95619,0.001607891004823614,0.013249173859342989,2.4132185113187536
HIP95619,0.001634398999158293,0.4920674851151787,3.2756894747981757
HIP95619,0.0016629870005999692,-0.03107180038610835,3.9397574784048635
HIP95619,0.0016201600010390393,-0.14262382557153153,3.9205389768235888
HIP95619,0.0015884449967416003,0.11274765874291948,3.9122372084957857
HIP95619,115.55757061100303,2.331205950140564,3.89056098281542
HIP95619,0.001599211995198857,0.04100909071775316,3.8560912070737063
HIP95619,0.0016188880035770126,0.04661139778987611,3.8362170967825358
HIP95619,0.0016291909996652976,0.030571232199216425,3.833065439814413
HIP95619,0.0016436599980806932,0.05272627347225356,3.851207129446651
HIP95619,0.0016369459990528412,-0.2867983452369183,4.1620596693390075
HIP95619,0.0015937729986035265,0.04504938147353332,4.427744139711368
HIP95619,0.0016313890009769239,0.3328431847738136,4.513721433510724
HIP95619,72.99327584900311,1.3822148074534084,4.643755586213549
HIP95619,0.001663684997765813,0.019292648476274987,4.690881369503132
HIP95619,0.0016841739998199046,0.819693855456384,5.507556882663284
HIP95619,0.0017031570023391396,0.11229228718911788,6.276433148985462
HIP95619,0.00174135099950945,-0.005772979378031895,6.338456138410623
HIP95619,0.0018131210017600097,-0.11183378587790793,6.269855998414653
HIP95619,0.0017166990000987425,0.11801165957700332,6.27458341041568
HIP95619,343.98664474399993,-5.011887444935268,4.862032730920312
HIP95619,0.0016908879988477565,-0.1612588301479203,2.5786023086136374
HIP95619,0.0016716729951440357,0.10939512699136955,2.54078486332183
HIP95619,0.0017309380054939538,-0.23435175562024568,2.1687327243391126
HIP95619,0.001761032996000722,0.026247857342600156,1.6831307768437005
HIP95619,0.0015908790010144003,-0.1021814639220171,1.6617307823150618
HIP95619,0.0016956399995251559,0.08497453161629309,1.6452516168606681
HIP95619,0.0016882190029718913,-0.06964556442717829,1.6439959994934896
HIP95619,11.999668922995625,0.45354035839239426,2.456812577672653
HIP95619,0.0016448220048914663,-0.211656717697001,2.876976081326511
HIP95619,0.0016515379975317046,0.07385385314205095,2.716424297692224
HIP95619,0.001653733997954987,-0.5305995957165361,3.089833888923539
HIP95619,0.0017052539988071658,-0.0035051251281021933,3.3769502672834615
HIP95619,0.0016538410054636188,-0.022986530945534156,3.358916252452015
HIP95619,0.0016333629973814823,-0.029921842933610776,3.3279248653794653
HIP95619,0.0017877749996841885,0.07514795071441505,3.3614593885422455
HIP95619,0.9902535950022866,0.5310010240251266,3.1267793401820225
HIP95619,0.0015492089951294474,-0.1690011770434996,2.736672358194085
HIP95619,0.0016098620035336353,-1.2587364826439504,4.493334453191865
HIP95619,0.0015877530022407882,0.18328100094712063,5.851056647852454
HIP95619,0.0016557009948883206,-0.2009995383740808,5.851170642439897
HIP95619,0.0016423870038124733,0.03580433088770363,5.774412429638391
HIP95619,0.0015779149980517104,0.0026182825120510955,5.775883808501962
HIP95619,0.001643661998969037,-0.08645789787072466,5.781861267687701
HIP95979,1472.925881123003,1.040448250897466,3.164273458048361
HIP95979,0.0016627439981675707,-0.25227248513125033,4.027807529122647
HIP95979,3.841090271998837,1.2294797133001616,3.2746364845303972
HIP98992,1551.7660000000033,3.3449999999999998,3.909826286314238
HIP98992,13.919999999998254,-0.33999999999999986,3.9348382947334914
TYC1019-473-1,1555.7565000000031,-1.9849999999999994,3.939402407362612
TYC1019-473-1,15.915000000000873,0.46999999999999886,3.8937256064336383
TYC1043-170-1,1576.630939992996,1.9179631149543965,4.905677853032149
TYC1043-170-1,1.022438535001129,-1.3004046590469116,3.0539554654688383
TYC105-1422-1,1396.1404318939967,5.064563994341757,2.721981079745233
TYC1059-474-1,1550.6949999999997,-4.054999999999993,6.042320577283271
TYC1059-474-1,4.010500000003958,-0.5150000000000148,3.91565867583027
TYC1600-168-1,0.007255727003212087,1.339909463671166,7.82105562594583
TYC1600-168-1,1550.6889298929964,4.945726108754808,6.76435578769553
TYC1600-168-1,3.9862737450021086,-2.6187626390119583,5.480171156409415
TYC1601-437-1,1457.190999999999,-1.5300000000000011,3.8711534426687093
TYC1601-437-1,67.66100000000006,0.480000000000004,3.885964859453059
TYC1605-199-1,1577.7059999999983,15.879999999999995,3.9239109330081483
TYC1605-199-1,4.026000000005297,0.05000000000000071,4.073579081848253
TYC1605-722-1,1581.6849999999977,-1.705,3.879328655507384
TYC1605-722-1,8.968999999997322,0.10499999999999954,3.8757133520019402
TYC2138-1154-1,1558.6630000000005,-5.065,3.909168661112879
TYC2138-1154-1,8.967000000004191,-0.2599999999999998,3.924667437768412
TYC2140-893-1,1558.7123948449953,-2.4293969133686915,8.987686005636494
TYC2140-893-1,3.017441955002141,0.48035857897835754,9.297385526931146
TYC435-302-1,1462.9099346369985,0.002434724012672973,2.051999100978279
TYC435-302-1,1.014196513002389,-0.39518663067199356,2.0533623463327344
TYC453-449-1,2.9690000000045984,0.7000000000000028,3.9126172329361624
TYC457-39-1,1462.894810054997,-0.06428753269118381,3.36044639385897
TYC457-39-1,11.920433402003255,0.2773418188319745,3.972321910059286
TYC4775-221-1,1343.351999999999,0.6550000000000011,3.8466229576762374
TYC4775-221-1,27.9120000000039,-0.015000000000000568,3.8483543634461808
TYC5597-720-1,1699.1569999999992,-2.7750000000000057,3.854616576892692
TYC5597-720-1,20.014999999999418,-0.2849999999999966,3.8440025951805237
TYC56-284-1,1410.2350000000006,0.4850000000000012,3.8529687029369715
TYC56-284-1,2.9089999999996508,-0.2550000000000008,3.8454411156310293
TYC5649-822-1,1459.8257935440051,2.4004278528351044,1.7545840829459096
TYC5649-822-1,3.9901284469960956,-0.5135640676601589,1.4866083572484852
TYC628-841-1,1627.7030000000013,-0.9499999999999993,3.8472085110321497
TYC6749-1126-1,1764.0499999999956,-5.690000000000001,3.843845778873028
TYC6779-305-1,664.8485000000073,3.46,7.41781677984327
TYC6779-305-1,399.0694999999978,-2.54,5.935170519415615
TYC6822-283-1,0.004091678005352151,0.024699904983555038,2.007757528575022
TYC6822-283-1,1527.6931028830004,2.8536620825513284,1.5571615970986417
TYC6822-283-1,9.139337021995743,1.9542248153081432,0.898422934278705
TYC6822-283-1,1.8925707220041659,0.182133475522539,0.9378822261584849
TYC6843-956-1,72.83124210900132,1.7898808592295836,2.699061622531152
TYC6843-956-1,1676.2265846070004,-0.7190022327404932,2.8579022287806026
TYC6846-840-1,1478.8192745889974,0.8452219898302396,2.1132111685273576
TYC6846-840-1,30.943407186001423,-0.3440381816767566,1.9385743451321693
TYC6846-840-1,31.837463691997982,-0.0833781222518084,1.9652620520269846
TYC6849-1024-1,1416.109514939999,1.719841256798425,7.464371231063355
TYC6849-1024-1,28.837757747001888,-0.741523825466011,7.11733202673553
TYC6849-1059-1,1416.0587897720034,1.176368443877764,4.939009167149784
TYC6849-1059-1,15.878839848999633,-0.42741415566944596,5.1375499612586015
TYC6853-3845-1,1442.0790000000052,-2.2600000000000016,3.869509295101402
TYC6853-3845-1,27.793999999994412,0.1650000000000027,3.861173974598032
TYC6858-2632-1,1502.8415000000023,-0.42999999999999616,3.9152464930406885
TYC6858-2632-1,2.0800000000017462,-0.4150000000000027,3.8628491185749674
TYC7374-702-1,1472.7787721249988,1.385039463767523,2.266602468286525
TYC7374-702-1,9.136768529999244,2.4636421730889033,1.3144120758599267
TYC7374-702-1,1.936450026005332,-1.7143435466226187,0.9907102305224571
TYC7379-170-1,1452.118679291998,-4.936698383657024,1.7649233808343179
TYC7379-170-1,19.826350202005415,-0.20904554458405022,0.7180234751649343
TYC7389-385-1,1460.0737333430006,12.20947264303754,4.450698851341022
TYC7389-385-1,15.022596169997996,28.33130694379654,2.6812470115593867
TYC7645-1683-1,1358.2500887739952,-1.234383975796785,3.318818455991994
TYC7645-1683-1,6.000792076003563,0.8978409271227683,3.0593767083751193
TYC7851-91-1,1507.9550750420021,0.1840431314081914,1.8444762249290916
TYC7851-91-1,9.992654132001917,0.2614884097420611,2.261026552636974
TYC7879-1373-1,1478.950898422001,3.256011767514236,2.6999909888070395
TYC7879-1373-1,9.006180399999721,-0.11422229776290038,1.979392330515519
TYC7879-1506-1,1507.9251708529991,1.074389355690995,2.546358914237758
TYC7879-1506-1,10.010669638999389,-0.079088622394762,3.1230526379256336
TYC7892-4279-1,0.004123738995986059,0.3990445264268594,3.9078025232033418
TYC7892-4279-1,1417.0782470850027,-2.5471659251591583,2.9143492271189246
TYC7892-4279-1,16.028107049001846,-0.278174294123744,0.724961589220498
TYC8161-658-1,4337.033131502001,12.205854886123927,2.180333728167206
TYC8241-3236-1,1517.0288527529992,1.1135771744524021,3.335493482564973
TYC8603-1782-1,1538.958572634001,-0.8642725608923651,1.6683352727910647
TYC8607-401-1,1538.9559999999983,-8.235,3.8762053257071827
TYC8696-573-1,1741.089,0.4950000000000001,3.853856060407349
TYC8697-1251-1,1468.9709636469997,0.11279898138387434,2.337534048491605
TYC8697-1251-1,3.065479871998832,-0.23968506682922897,2.0298239835127623
TYC8697-1523-1,1468.9550000000017,1.0100000000000016,3.9753451116015306
TYC8697-1523-1,3.0579999999972642,0.08999999999999986,3.97032841559466
TYC8703-571-1,1480.8451012009973,2.3675012257306953,2.8334802810219237
TYC8703-571-1,13.054042226001911,0.5257058733059701,2.242372757000891
TYC8835-1181-1,1557.8930000000037,-11.200000000000003,3.848128338188412
TYC8946-1580-1,1538.935043546,-1.327130916169005,7.164121295658199
TYC8959-774-1,1517.860959933998,2.6492968286716607,1.9787307420148113
TYC8977-9252-1,1517.8524146769996,0.32422784667454074,2.029465424935525
TYC8995-1696-1,1465.1876503340027,2.0371202258514893,1.2798052914530746
TYC8995-1696-1,40.724471893001464,-0.05147840428792971,0.6991349291124136
TYC9004-2647-1,1457.0595150869995,2.5891176939213354,6.1575397179851
TYC9004-2647-1,40.71722263300035,-0.04164901933080589,5.556155079723505
TYC9005-873-1,1505.86614423,0.097645122923403,2.2010376076918776
TYC9005-873-1,31.04793376100133,-0.23632170886314618,2.9721978715668316
TYC9009-1874-1,1446.1504683019957,-0.1899616959387077,0.9396806898704473
TYC9009-1874-1,3.992028778004169,0.012481538016774096,0.72635679056042
TYC9291-1885-1,1474.0440000000017,-0.10999999999999943,3.926441708289097
TYC9291-1885-1,2.855999999999767,0.09499999999999886,3.9534609550676096
TYC9291-1885-1,9.991000000001804,0.3500000000000014,3.916138714896558
